"screen_time_hours","social_media_platforms_used","hours_on_TikTok","sleep_hours","stress_level","mood_score","social_media_category","screen_time_category","sleep_quality","digital_intensity","mental_health_indicator","digital_habits_score","mental_health_score"
10.3,2,5.3,4.4,10,5,"Low","High","Poor",0,1,0.684166666666667,5
5.5,5,1.8,3.4,10,5,"High","Medium","Poor",0,1,0.558333333333333,5
11.3,3,3.6,4.3,10,5,"Medium","High","Poor",0,1,0.706666666666667,5
8.3,2,5,5.6,10,5,"Low","High","Poor",0,1,0.605,5
7,1,3.3,3.5,10,5,"Low","Medium","Poor",0,1,0.430833333333333,5
6,5,3.5,4.4,10,5,"High","Medium","Poor",0,1,0.645833333333333,5
10.3,2,6.1,3.8,10,5,"Low","High","Poor",0,1,0.7175,5
10.9,2,5.6,4.9,10,3,"Low","High","Poor",0,1,0.716666666666667,3
9.2,3,2.4,4,10,4,"Medium","High","Poor",0,1,0.586666666666667,4
9.5,2,2.6,4.7,10,5,"Low","High","Poor",0,1,0.545,5
9.1,1,2.6,4.9,9,5,"Low","High","Poor",0,1,0.471666666666667,6
10.7,4,4,6.2,9,5,"High","High","Adequate",1,1,0.763333333333333,6
8,4,3.8,3.7,9,5,"High","High","Poor",1,1,0.665,6
9.3,2,5.6,4.6,10,5,"Low","High","Poor",0,1,0.663333333333333,5
4.8,4,2,3.6,8,5,"High","Medium","Poor",0,1,0.483333333333333,7
6.4,5,2.9,3,10,4,"High","Medium","Poor",1,1,0.634166666666667,4
8.3,1,3.2,3.5,10,4,"Low","High","Poor",0,1,0.47,4
7.5,4,4,5.1,8,5,"High","Medium","Poor",1,1,0.656666666666667,7
8.3,2,3.3,3.8,10,5,"Low","High","Poor",0,1,0.534166666666667,5
7.1,2,4.1,3.5,10,5,"Low","Medium","Poor",0,1,0.5275,5
6.4,3,2.3,5,8,5,"Medium","Medium","Poor",0,1,0.489166666666667,7
8.3,3,3.5,4.7,9,5,"Medium","High","Poor",0,1,0.6025,6
5.8,2,3.2,4.8,9,5,"Low","Medium","Poor",0,1,0.446666666666667,6
7.5,3,3.5,4.5,9,5,"Medium","Medium","Poor",0,1,0.575833333333333,6
7.4,2,3.3,3.8,10,5,"Low","Medium","Poor",0,1,0.504166666666667,5
6.4,3,2.5,4.8,8,5,"Medium","Medium","Poor",0,1,0.4975,7
4.6,2,1.4,3.4,8,5,"Low","Medium","Poor",0,1,0.331666666666667,7
8,5,2.4,4.9,8,5,"High","High","Poor",1,1,0.666666666666667,7
8,3,4.4,4.1,10,5,"Medium","High","Poor",0,1,0.63,5
6.8,5,3.9,4.1,8,5,"High","Medium","Poor",1,1,0.689166666666667,7
9.3,4,4,4.6,10,5,"High","High","Poor",1,1,0.716666666666667,5
8.3,4,3.9,4.6,9,4,"High","High","Poor",1,1,0.679166666666667,5
9.6,4,5.1,4,10,5,"High","High","Poor",1,1,0.7725,5
5.4,4,3.1,3,9,5,"High","Medium","Poor",0,1,0.549166666666667,6
9.1,1,4.4,4.8,10,4,"Low","High","Poor",0,1,0.546666666666667,4
8.1,3,4.7,5,8,5,"Medium","High","Poor",0,1,0.645833333333333,7
9.2,1,4,4.8,10,5,"Low","High","Poor",0,1,0.533333333333333,5
8.7,2,4.4,3.2,10,5,"Low","High","Poor",0,1,0.593333333333333,5
9.2,2,3.7,4.6,10,5,"Low","High","Poor",0,1,0.580833333333333,5
9.5,2,4.7,3.5,10,4,"Low","High","Poor",0,1,0.6325,4
9.2,3,3,3.9,10,5,"Medium","High","Poor",0,1,0.611666666666667,5
7.4,3,3.1,3,10,5,"Medium","Medium","Poor",0,1,0.555833333333333,5
8.1,2,3.6,3.2,10,4,"Low","High","Poor",0,1,0.54,4
11.1,4,5.9,6.1,10,5,"High","High","Adequate",1,1,0.855833333333333,5
5.9,4,1.7,3.8,9,5,"High","Medium","Poor",0,1,0.5075,6
9.7,5,3.6,4,10,5,"High","High","Poor",1,1,0.773333333333333,5
6.1,5,3.3,5,9,4,"High","Medium","Poor",1,1,0.640833333333333,5
7.5,1,1.6,4,10,5,"Low","Medium","Poor",0,1,0.376666666666667,5
8.5,5,4.7,3,10,5,"High","High","Poor",1,1,0.779166666666667,5
8.5,1,3.6,3,10,5,"Low","High","Poor",0,1,0.493333333333333,5
9.8,5,4.4,3,10,3,"High","High","Poor",1,1,0.81,3
7.8,5,2.1,3,10,5,"High","Medium","Poor",1,1,0.6475,5
9,1,2.7,4.8,8,5,"Low","High","Poor",0,1,0.4725,7
6.9,5,3.5,5,10,4,"High","Medium","Poor",1,1,0.675833333333333,4
7,4,2.4,3.9,10,5,"High","Medium","Poor",1,1,0.573333333333333,5
6.7,4,2,3.9,10,5,"High","Medium","Poor",1,1,0.546666666666667,5
6.4,4,3.6,4.2,10,5,"High","Medium","Poor",1,1,0.603333333333333,5
3.3,3,0.9,3,9,5,"Medium","Low","Poor",0,1,0.3275,6
10.3,1,4.5,6.1,9,4,"Low","High","Adequate",0,1,0.590833333333333,5
8.6,1,2.6,4.5,9,5,"Low","High","Poor",0,1,0.455,6
8.7,5,3.2,4.8,10,5,"High","High","Poor",1,1,0.723333333333333,5
8,5,3.5,4.9,8,5,"High","High","Poor",1,1,0.7125,7
7.6,5,2.2,3.1,10,5,"High","Medium","Poor",1,1,0.645,5
6,5,2,3,10,5,"High","Medium","Poor",0,1,0.583333333333333,5
6.3,4,3.1,4.2,9,5,"High","Medium","Poor",1,1,0.579166666666667,6
6.1,3,2.1,4,10,5,"Medium","Medium","Poor",0,1,0.470833333333333,5
6.9,2,2,4,10,5,"Low","Medium","Poor",0,1,0.433333333333333,5
10.3,2,5.4,6.2,10,4,"Low","High","Adequate",0,1,0.688333333333333,4
6.7,1,2.9,3.8,10,4,"Low","Medium","Poor",0,1,0.404166666666667,4
10.4,1,2.9,5.3,8,5,"Low","High","Poor",0,1,0.5275,7
9.8,1,5.5,4,10,4,"Low","High","Poor",0,1,0.615833333333333,4
8.6,3,3.5,4.6,10,4,"Medium","High","Poor",0,1,0.6125,4
10.5,3,4.6,4.6,10,4,"Medium","High","Poor",0,1,0.721666666666667,4
9.2,2,3.3,5.5,9,5,"Low","High","Poor",0,1,0.564166666666667,6
11.4,3,5.3,3,10,5,"Medium","High","Poor",0,1,0.780833333333333,5
10.6,2,4.9,6.1,10,5,"Low","High","Adequate",0,1,0.6775,5
10,3,5.3,4.4,10,5,"Medium","High","Poor",0,1,0.734166666666667,5
7.7,4,4.2,5.7,8,5,"High","Medium","Poor",1,1,0.671666666666667,7
9.2,1,5.2,5,10,5,"Low","High","Poor",0,1,0.583333333333333,5
5.2,2,2.2,4.5,8,5,"Low","Medium","Poor",0,1,0.385,7
8.5,3,4.7,5,10,4,"Medium","High","Poor",0,1,0.659166666666667,4
4.2,1,2.3,3.8,9,5,"Low","Medium","Poor",0,1,0.295833333333333,6
5.7,4,2.9,4.8,9,5,"High","Medium","Poor",0,1,0.550833333333333,6
8.7,4,1.8,3,9,5,"High","High","Poor",1,1,0.605,6
9.7,5,3.3,3.9,10,5,"High","High","Poor",1,1,0.760833333333333,5
10.3,2,5.7,5.9,10,5,"Low","High","Poor",0,1,0.700833333333333,5
9.1,3,3.4,5.5,9,5,"Medium","High","Poor",0,1,0.625,6
5.5,3,2.6,4,10,5,"Medium","Medium","Poor",0,1,0.471666666666667,5
8.4,2,4.9,4.7,10,5,"Low","High","Poor",0,1,0.604166666666667,5
8.2,5,3.4,3.8,9,4,"High","High","Poor",1,1,0.715,5
10.7,2,5.7,5.5,10,5,"Low","High","Poor",0,1,0.714166666666667,5
8,4,2.4,3.4,10,5,"High","High","Poor",1,1,0.606666666666667,5
11.7,2,5.1,5.4,10,4,"Low","High","Poor",0,1,0.7225,4
7.6,5,4.4,4.7,10,5,"High","Medium","Poor",1,1,0.736666666666667,5
8.4,5,4.6,5,10,5,"High","High","Poor",1,1,0.771666666666667,5
7.3,2,1.6,3.1,10,5,"Low","Medium","Poor",0,1,0.43,5
8.8,1,4.5,4,10,4,"Low","High","Poor",0,1,0.540833333333333,4
5.4,2,2.8,3.5,10,5,"Low","Medium","Poor",0,1,0.416666666666667,5
5.4,3,1.9,3.5,9,3,"Medium","Medium","Poor",0,1,0.439166666666667,4
7.9,5,4.1,4.5,10,5,"High","Medium","Poor",1,1,0.734166666666667,5
5.3,4,2.7,3.9,10,4,"High","Medium","Poor",0,1,0.529166666666667,4
9.1,5,4.4,5.7,10,5,"High","High","Poor",1,1,0.786666666666667,5
6.1,1,1.9,3.3,10,5,"Low","Medium","Poor",0,1,0.3425,5
9.2,1,5.1,3.5,10,4,"Low","High","Poor",0,1,0.579166666666667,4
7.4,3,3.1,5.4,8,5,"Medium","Medium","Poor",0,1,0.555833333333333,7
5.3,5,2.7,3,10,4,"High","Medium","Poor",0,1,0.589166666666667,4
6.3,5,2.6,3.7,9,5,"High","Medium","Poor",1,1,0.618333333333333,6
7.5,2,3.5,4.5,9,5,"Low","Medium","Poor",0,1,0.515833333333333,6
8.1,3,3.2,3.8,10,5,"Medium","High","Poor",0,1,0.583333333333333,5
9.5,1,5.5,4.9,10,5,"Low","High","Poor",0,1,0.605833333333333,5
7.6,5,2.4,3.9,10,5,"High","Medium","Poor",1,1,0.653333333333333,5
8.5,2,3.9,4.7,10,4,"Low","High","Poor",0,1,0.565833333333333,4
10.9,3,4.5,3,10,5,"Medium","High","Poor",0,1,0.730833333333333,5
9.9,2,5.9,6.8,8,5,"Low","High","Adequate",0,1,0.695833333333333,7
8.3,3,4.8,4.1,10,4,"Medium","High","Poor",0,1,0.656666666666667,4
6.8,5,2.7,3.4,9,5,"High","Medium","Poor",1,1,0.639166666666667,6
7.6,4,2.7,4.2,8,4,"High","Medium","Poor",1,1,0.605833333333333,6
9.8,4,3.5,4.2,10,5,"High","High","Poor",1,1,0.7125,5
9.1,5,4.6,5.2,9,5,"High","High","Poor",1,1,0.795,6
9,1,4.7,3,10,4,"Low","High","Poor",0,1,0.555833333333333,4
10.3,2,2.8,3.8,10,4,"Low","High","Poor",0,1,0.58,4
7.3,3,4.1,5.9,8,5,"Medium","Medium","Poor",0,1,0.594166666666667,7
6.5,5,3.9,4.4,9,4,"High","Medium","Poor",1,1,0.679166666666667,5
4.8,5,2.3,3.6,9,5,"High","Medium","Poor",0,1,0.555833333333333,6
9.2,2,3.7,4.3,10,5,"Low","High","Poor",0,1,0.580833333333333,5
9,5,5.3,5.5,10,4,"High","High","Poor",1,1,0.820833333333333,4
12,2,6.8,4.4,10,4,"Low","High","Poor",0,1,0.803333333333333,4
7.9,4,2.7,6.4,8,5,"High","Medium","Adequate",1,1,0.615833333333333,7
5.2,2,2.9,4.2,8,5,"Low","Medium","Poor",0,1,0.414166666666667,7
9.3,4,3.4,4.6,10,5,"High","High","Poor",1,1,0.691666666666667,5
9,3,5.4,3.7,10,5,"Medium","High","Poor",0,1,0.705,5
5.9,5,2.7,3,10,5,"High","Medium","Poor",0,1,0.609166666666667,5
10,5,4.4,3.8,10,5,"High","High","Poor",1,1,0.816666666666667,5
6,3,1.9,3,10,4,"Medium","Medium","Poor",0,1,0.459166666666667,4
11.1,5,5.7,5.8,10,4,"High","High","Poor",1,1,0.9075,4
10.2,4,5.9,6.6,9,5,"High","High","Adequate",1,1,0.825833333333333,6
8.3,4,4.6,4.8,10,5,"High","High","Poor",1,1,0.708333333333333,5
5.1,1,1.8,3,9,5,"Low","Medium","Poor",0,1,0.305,6
6.9,1,1.9,3.4,10,5,"Low","Medium","Poor",0,1,0.369166666666667,5
7,5,3.8,3.6,10,5,"High","Medium","Poor",1,1,0.691666666666667,5
6.7,5,3.7,5.2,8,4,"High","Medium","Poor",1,1,0.6775,6
9.1,4,5.4,3.6,10,5,"High","High","Poor",1,1,0.768333333333333,5
5.7,5,3.3,3.5,10,5,"High","Medium","Poor",0,1,0.6275,5
8.5,5,3.6,4.5,10,5,"High","High","Poor",1,1,0.733333333333333,5
9.8,2,3.9,5,10,5,"Low","High","Poor",0,1,0.609166666666667,5
7.4,5,1.7,4.4,8,5,"High","Medium","Poor",1,1,0.6175,7
4.8,2,1.5,3.7,8,5,"Low","Medium","Poor",0,1,0.3425,7
5.7,2,1.8,3,9,5,"Low","Medium","Poor",0,1,0.385,6
9.2,3,4.6,3.9,10,5,"Medium","High","Poor",0,1,0.678333333333333,5
7.4,1,3.1,5.9,9,5,"Low","Medium","Poor",0,1,0.435833333333333,6
6.3,2,2.8,4.2,9,5,"Low","Medium","Poor",0,1,0.446666666666667,6
7.1,1,3.2,4.2,9,5,"Low","Medium","Poor",0,1,0.43,6
7.6,4,3.6,3.7,10,5,"High","Medium","Poor",1,1,0.643333333333333,5
8.6,1,4,3.5,10,4,"Low","High","Poor",0,1,0.513333333333333,4
10.7,2,5.5,4.9,10,4,"Low","High","Poor",0,1,0.705833333333333,4
9.8,2,4.8,4.6,10,4,"Low","High","Poor",0,1,0.646666666666667,4
6.7,4,2.4,4.1,9,5,"High","Medium","Poor",1,1,0.563333333333333,6
5.3,3,2.4,3,10,5,"Medium","Medium","Poor",0,1,0.456666666666667,5
6.7,4,3.7,3.8,10,5,"High","Medium","Poor",1,1,0.6175,5
11.6,3,6.7,5.3,10,4,"Medium","High","Poor",0,1,0.845833333333333,4
6.1,1,3.6,4.2,8,5,"Low","Medium","Poor",0,1,0.413333333333333,7
6.5,4,1.4,3.1,10,4,"High","Medium","Poor",1,1,0.515,4
9.3,1,5.4,3.3,10,4,"Low","High","Poor",0,1,0.595,4
8.2,1,3.4,3,10,5,"Low","High","Poor",0,1,0.475,5
8.4,1,4.2,4.5,10,4,"Low","High","Poor",0,1,0.515,4
8,5,4.6,4,10,4,"High","High","Poor",1,1,0.758333333333333,4
12,3,6,6.5,10,5,"Medium","High","Adequate",0,1,0.83,5
9.3,4,4.8,3.3,10,4,"High","High","Poor",1,1,0.75,4
9.3,5,4.7,3,10,5,"High","High","Poor",1,1,0.805833333333333,5
8.9,5,3.6,4.4,10,4,"High","High","Poor",1,1,0.746666666666667,4
6.9,5,3.4,3.6,9,5,"High","Medium","Poor",1,1,0.671666666666667,6
5.7,3,1.7,3.8,9,5,"Medium","Medium","Poor",0,1,0.440833333333333,6
5.9,2,2.4,3.1,9,5,"Low","Medium","Poor",0,1,0.416666666666667,6
12,5,3.2,3,10,4,"High","High","Poor",1,1,0.833333333333333,4
8.3,4,4.3,4.6,10,5,"High","High","Poor",1,1,0.695833333333333,5
10.4,5,3.9,3,10,4,"High","High","Poor",1,1,0.809166666666667,4
5.2,2,1.2,3.1,10,5,"Low","Medium","Poor",0,1,0.343333333333333,5
7,5,4,3.9,10,5,"High","Medium","Poor",1,1,0.7,5
5.6,5,1.9,3.3,10,5,"High","Medium","Poor",0,1,0.565833333333333,5
8.2,3,3.2,4.6,9,4,"Medium","High","Poor",0,1,0.586666666666667,5
9.3,2,2.7,4,10,5,"Low","High","Poor",0,1,0.5425,5
8.8,1,3,4.2,9,5,"Low","High","Poor",0,1,0.478333333333333,6
7.1,1,4.2,4.6,9,4,"Low","Medium","Poor",0,1,0.471666666666667,5
8,2,4.3,5.2,9,5,"Low","High","Poor",0,1,0.565833333333333,6
7.7,3,4.4,3,10,4,"Medium","Medium","Poor",0,1,0.62,4
7.3,1,2.9,4.9,10,5,"Low","Medium","Poor",0,1,0.424166666666667,5
9.1,3,3.7,5,9,5,"Medium","High","Poor",0,1,0.6375,6
8.1,4,4.8,4.3,10,4,"High","High","Poor",1,1,0.71,4
6.3,5,3.4,5.5,9,5,"High","Medium","Poor",1,1,0.651666666666667,6
6.3,3,2.4,3.5,9,5,"Medium","Medium","Poor",0,1,0.49,6
8.2,1,3.2,3.8,8,5,"Low","High","Poor",0,1,0.466666666666667,7
8.6,1,5,4.8,10,4,"Low","High","Poor",0,1,0.555,4
11.1,4,6.4,3.8,10,4,"High","High","Poor",1,1,0.876666666666667,4
8.2,3,4.7,4.9,10,5,"Medium","High","Poor",0,1,0.649166666666667,5
7.8,5,2.1,3.3,10,5,"High","Medium","Poor",1,1,0.6475,5
9.7,5,5.2,5.1,10,5,"High","High","Poor",1,1,0.84,5
11.2,1,5.4,5.9,10,5,"Low","High","Poor",0,1,0.658333333333333,5
12,5,7.1,6.4,10,5,"High","High","Adequate",1,1,0.995833333333333,5
5.8,2,3.2,3.9,10,5,"Low","Medium","Poor",0,1,0.446666666666667,5
11.3,5,5.6,4.9,10,4,"High","High","Poor",1,1,0.91,4
8.8,3,5.3,3.5,10,5,"Medium","High","Poor",0,1,0.694166666666667,5
9.9,5,5.9,5.8,10,5,"High","High","Poor",1,1,0.875833333333333,5
7.3,4,4.3,4.3,10,5,"High","Medium","Poor",1,1,0.6625,5
9.3,2,4.5,3.6,10,5,"Low","High","Poor",0,1,0.6175,5
11.3,3,5.6,5.1,10,5,"Medium","High","Poor",0,1,0.79,5
5.6,4,1.6,3.6,9,5,"High","Medium","Poor",0,1,0.493333333333333,6
9.7,2,4.7,5.2,10,5,"Low","High","Poor",0,1,0.639166666666667,5
7.6,4,3.6,4.1,10,5,"High","Medium","Poor",1,1,0.643333333333333,5
9.1,3,4.8,4.9,10,5,"Medium","High","Poor",0,1,0.683333333333333,5
10.6,2,5.4,5.6,9,5,"Low","High","Poor",0,1,0.698333333333333,6
10.1,2,3.1,3.5,10,4,"Low","High","Poor",0,1,0.585833333333333,4
9.2,2,5.4,4.6,10,4,"Low","High","Poor",0,1,0.651666666666667,4
6.5,1,3.4,4,9,4,"Low","Medium","Poor",0,1,0.418333333333333,5
7.5,2,3.3,3.2,10,5,"Low","Medium","Poor",0,1,0.5075,5
11.2,1,3.9,4,10,5,"Low","High","Poor",0,1,0.595833333333333,5
10.6,5,3.8,5.2,10,5,"High","High","Poor",1,1,0.811666666666667,5
6.8,2,3.2,4.4,10,5,"Low","Medium","Poor",0,1,0.48,5
6.4,5,3.8,3.2,10,5,"High","Medium","Poor",1,1,0.671666666666667,5
4.4,4,2.1,3,9,5,"High","Medium","Poor",0,1,0.474166666666667,6
9.9,3,3.5,4.9,9,5,"Medium","High","Poor",0,1,0.655833333333333,6
8.2,2,2.8,4.1,10,5,"Low","High","Poor",0,1,0.51,5
7.6,1,3.4,6,8,5,"Low","Medium","Adequate",0,1,0.455,7
9,4,4.2,4.2,10,4,"High","High","Poor",1,1,0.715,4
6.9,5,3.3,4,10,5,"High","Medium","Poor",1,1,0.6675,5
9.9,3,3,5,10,5,"Medium","High","Poor",0,1,0.635,5
6.7,3,2.2,3.7,10,4,"Medium","Medium","Poor",0,1,0.495,4
9.4,5,4.7,3.9,10,4,"High","High","Poor",1,1,0.809166666666667,4
8.2,1,4,5.1,10,4,"Low","High","Poor",0,1,0.5,4
7.9,5,4.7,4.1,10,5,"High","Medium","Poor",1,1,0.759166666666667,5
9.3,1,5.2,6,10,5,"Low","High","Adequate",0,1,0.586666666666667,5
8.5,2,5,5.5,10,5,"Low","High","Poor",0,1,0.611666666666667,5
9.8,1,3.2,3.1,10,5,"Low","High","Poor",0,1,0.52,5
7.4,4,3.6,6.4,9,5,"High","Medium","Adequate",1,1,0.636666666666667,6
8.2,4,3.7,3.8,10,5,"High","High","Poor",1,1,0.6675,5
8.3,5,4.8,4.8,10,4,"High","High","Poor",1,1,0.776666666666667,4
11.4,2,5.1,4.3,10,4,"Low","High","Poor",0,1,0.7125,4
5,4,3,3.2,10,4,"High","Medium","Poor",0,1,0.531666666666667,4
5.7,4,3,5.2,8,5,"High","Medium","Poor",0,1,0.555,7
6.9,4,4.1,4.4,10,5,"High","Medium","Poor",1,1,0.640833333333333,5
8.8,3,5.2,5.5,10,5,"Medium","High","Poor",0,1,0.69,5
8.4,2,4.8,5.4,9,5,"Low","High","Poor",0,1,0.6,6
3.7,2,1.2,3.1,8,5,"Low","Low","Poor",0,1,0.293333333333333,7
6.8,2,3.7,3.9,10,5,"Low","Medium","Poor",0,1,0.500833333333333,5
7.4,1,4.4,4.3,9,4,"Low","Medium","Poor",0,1,0.49,5
7.4,3,2.5,4.1,10,5,"Medium","Medium","Poor",0,1,0.530833333333333,5
5.9,1,2.7,3.2,10,5,"Low","Medium","Poor",0,1,0.369166666666667,5
7.4,3,2.6,3,10,2,"Medium","Medium","Poor",0,1,0.535,2
8.7,4,4.6,4.5,9,3,"High","High","Poor",1,1,0.721666666666667,4
5.7,3,1.9,4.6,9,5,"Medium","Medium","Poor",0,1,0.449166666666667,6
7,4,3.3,4.4,9,5,"High","Medium","Poor",1,1,0.610833333333333,6
6.2,1,3.3,3.8,9,4,"Low","Medium","Poor",0,1,0.404166666666667,5
6.3,3,1.7,3,10,5,"Medium","Medium","Poor",0,1,0.460833333333333,5
6.3,3,2,3,10,5,"Medium","Medium","Poor",0,1,0.473333333333333,5
4.3,2,2.2,3.3,10,5,"Low","Medium","Poor",0,1,0.355,5
5.6,4,1.7,3,10,5,"High","Medium","Poor",0,1,0.4975,5
7.1,2,4.1,4,9,4,"Low","Medium","Poor",0,1,0.5275,5
6.1,2,2.6,5,9,5,"Low","Medium","Poor",0,1,0.431666666666667,6
10,3,3.4,5.5,10,5,"Medium","High","Poor",0,1,0.655,5
5.5,3,3.1,3.3,10,4,"Medium","Medium","Poor",0,1,0.4925,4
11.8,5,4.2,6.3,9,5,"High","High","Adequate",1,1,0.868333333333333,6
9,3,3.1,4.4,10,5,"Medium","High","Poor",0,1,0.609166666666667,5
7.2,1,2.7,3.3,9,5,"Low","Medium","Poor",0,1,0.4125,6
7.4,4,1.8,3.3,10,5,"High","Medium","Poor",1,1,0.561666666666667,5
8.4,3,5,4.3,10,4,"Medium","High","Poor",0,1,0.668333333333333,4
12,4,5.6,7.3,9,5,"High","High","Adequate",1,1,0.873333333333333,6
7.9,5,4.2,6.3,10,5,"High","Medium","Adequate",1,1,0.738333333333333,5
8.7,4,5.1,3.8,10,5,"High","High","Poor",1,1,0.7425,5
9,3,4,4.2,10,5,"Medium","High","Poor",0,1,0.646666666666667,5
7.6,3,1.9,3.6,10,5,"Medium","Medium","Poor",0,1,0.5125,5
9.3,3,5.1,4.1,10,5,"Medium","High","Poor",0,1,0.7025,5
8.8,1,4.4,4.6,10,5,"Low","High","Poor",0,1,0.536666666666667,5
7.7,2,2.4,4.8,10,5,"Low","Medium","Poor",0,1,0.476666666666667,5
7.8,3,4.4,4.1,10,5,"Medium","Medium","Poor",0,1,0.623333333333333,5
8.6,4,3.7,4.2,10,4,"High","High","Poor",1,1,0.680833333333333,4
5.6,5,3.2,3.4,10,5,"High","Medium","Poor",0,1,0.62,5
6.5,5,3.7,4.1,9,5,"High","Medium","Poor",1,1,0.670833333333333,6
9.2,4,4,3,10,5,"High","High","Poor",1,1,0.713333333333333,5
10.1,2,3.9,5.9,9,4,"Low","High","Poor",0,1,0.619166666666667,5
9.5,4,5,3,10,3,"High","High","Poor",1,1,0.765,3
11.5,1,5.3,5,10,4,"Low","High","Poor",0,1,0.664166666666667,4
10.6,1,6.2,6.3,10,4,"Low","High","Adequate",0,1,0.671666666666667,4
8.5,5,2.4,4,10,4,"High","High","Poor",1,1,0.683333333333333,4
6.6,1,3.6,5.6,9,5,"Low","Medium","Poor",0,1,0.43,6
7.4,4,4.2,5,10,5,"High","Medium","Poor",1,1,0.661666666666667,5
9.9,1,5.1,5.7,10,5,"Low","High","Poor",0,1,0.6025,5
11.7,4,5.8,6.2,10,5,"High","High","Adequate",1,1,0.871666666666667,5
8.8,5,3.9,3,10,5,"High","High","Poor",1,1,0.755833333333333,5
7,1,3.9,5.4,9,5,"Low","Medium","Poor",0,1,0.455833333333333,6
7.7,5,1.9,5.6,8,5,"High","Medium","Poor",1,1,0.635833333333333,7
7.2,2,4.1,3.2,10,4,"Low","Medium","Poor",0,1,0.530833333333333,4
8.8,5,4.1,4.8,10,5,"High","High","Poor",1,1,0.764166666666667,5
8.8,3,5.2,3.8,10,5,"Medium","High","Poor",0,1,0.69,5
8.5,5,3.4,3,10,5,"High","High","Poor",1,1,0.725,5
9.5,3,3.6,3,10,5,"Medium","High","Poor",0,1,0.646666666666667,5
9.6,4,4.6,4.4,10,5,"High","High","Poor",1,1,0.751666666666667,5
9.8,3,4.3,4.5,10,5,"Medium","High","Poor",0,1,0.685833333333333,5
6.3,3,2.8,3,10,5,"Medium","Medium","Poor",0,1,0.506666666666667,5
6.1,2,1.2,3.7,8,5,"Low","Medium","Poor",0,1,0.373333333333333,7
6.6,2,3.3,3.6,10,5,"Low","Medium","Poor",0,1,0.4775,5
9.9,4,5.6,4.9,10,4,"High","High","Poor",1,1,0.803333333333333,4
5.4,5,3.2,4.9,10,5,"High","Medium","Poor",0,1,0.613333333333333,5
8.9,1,4,3.1,10,5,"Low","High","Poor",0,1,0.523333333333333,5
8.6,1,2.1,3.7,8,5,"Low","High","Poor",0,1,0.434166666666667,7
7,3,3,4,10,5,"Medium","Medium","Poor",0,1,0.538333333333333,5
5.7,3,3.1,3.2,10,5,"Medium","Medium","Poor",0,1,0.499166666666667,5
7.7,1,2.3,4.2,8,5,"Low","Medium","Poor",0,1,0.4125,7
8.3,4,4.2,3.4,10,3,"High","High","Poor",1,1,0.691666666666667,3
7.4,5,3.5,4.2,10,5,"High","Medium","Poor",1,1,0.6925,5
9.5,1,3.8,4.7,10,5,"Low","High","Poor",0,1,0.535,5
7.2,1,4.1,3,10,4,"Low","Medium","Poor",0,1,0.470833333333333,4
4.8,2,1.5,3,9,5,"Low","Medium","Poor",0,1,0.3425,6
5.2,5,2.8,3,10,5,"High","Medium","Poor",0,1,0.59,5
7.7,1,4.1,6,9,5,"Low","Medium","Adequate",0,1,0.4875,6
8.7,3,3.4,4.3,10,5,"Medium","High","Poor",0,1,0.611666666666667,5
9.2,2,3.2,4,10,4,"Low","High","Poor",0,1,0.56,4
8.1,3,4.6,4.9,10,5,"Medium","High","Poor",0,1,0.641666666666667,5
9.2,4,5.5,3.5,10,3,"High","High","Poor",1,1,0.775833333333333,3
8.2,2,4.8,4.6,10,4,"Low","High","Poor",0,1,0.593333333333333,4
12,1,6.7,3.6,10,3,"Low","High","Poor",0,1,0.739166666666667,3
7.2,2,3.5,3,10,5,"Low","Medium","Poor",0,1,0.505833333333333,5
6.8,3,3.7,3.4,10,5,"Medium","Medium","Poor",0,1,0.560833333333333,5
10.7,2,4.2,5.7,8,5,"Low","High","Poor",0,1,0.651666666666667,7
10.3,2,5.7,5.3,10,5,"Low","High","Poor",0,1,0.700833333333333,5
7.7,4,2.3,4.1,10,5,"High","Medium","Poor",1,1,0.5925,5
7.6,2,3.3,3.1,10,4,"Low","Medium","Poor",0,1,0.510833333333333,4
4.8,4,2.1,3.4,10,5,"High","Medium","Poor",0,1,0.4875,5
6.6,2,2.6,3.9,10,5,"Low","Medium","Poor",0,1,0.448333333333333,5
7,3,3.6,3.3,10,5,"Medium","Medium","Poor",0,1,0.563333333333333,5
8.6,1,2.2,4.2,10,4,"Low","High","Poor",0,1,0.438333333333333,4
7.2,1,3.8,4.1,10,5,"Low","Medium","Poor",0,1,0.458333333333333,5
7,5,3,4.4,10,5,"High","Medium","Poor",1,1,0.658333333333333,5
5.6,3,1.3,3.9,10,5,"Medium","Medium","Poor",0,1,0.420833333333333,5
6.8,1,2.5,3,8,5,"Low","Medium","Poor",0,1,0.390833333333333,7
10.8,1,5.3,4.1,10,5,"Low","High","Poor",0,1,0.640833333333333,5
5.9,2,2.8,4.6,9,4,"Low","Medium","Poor",0,1,0.433333333333333,5
5.7,2,2.1,4.3,10,4,"Low","Medium","Poor",0,1,0.3975,4
9,2,2.9,3,10,5,"Low","High","Poor",0,1,0.540833333333333,5
8.4,2,3.5,3.7,10,3,"Low","High","Poor",0,1,0.545833333333333,3
8.5,4,4.1,4.9,10,5,"High","High","Poor",1,1,0.694166666666667,5
5.4,1,2.9,3.9,9,5,"Low","Medium","Poor",0,1,0.360833333333333,6
5.1,1,2.7,3.7,9,5,"Low","Medium","Poor",0,1,0.3425,6
9.5,3,4.2,5.7,8,4,"Medium","High","Poor",0,1,0.671666666666667,6
7.6,1,2.4,3,10,4,"Low","Medium","Poor",0,1,0.413333333333333,4
7.8,3,4.6,4.7,9,5,"Medium","Medium","Poor",0,1,0.631666666666667,6
5.9,3,1.9,3,10,5,"Medium","Medium","Poor",0,1,0.455833333333333,5
3.4,5,1.4,3,10,5,"High","Low","Poor",0,1,0.471666666666667,5
7.7,3,3.1,3.4,10,5,"Medium","Medium","Poor",0,1,0.565833333333333,5
6.1,4,2.7,3,9,5,"High","Medium","Poor",1,1,0.555833333333333,6
6,2,2.1,3,9,5,"Low","Medium","Poor",0,1,0.4075,6
8.7,3,5.1,5.4,9,5,"Medium","High","Poor",0,1,0.6825,6
10.4,2,4,4.9,9,5,"Low","High","Poor",0,1,0.633333333333333,6
8,3,4.6,4.4,10,5,"Medium","High","Poor",0,1,0.638333333333333,5
8.5,5,3.1,7.1,8,5,"High","High","Adequate",1,1,0.7125,7
6.8,4,4.1,3.3,10,3,"High","Medium","Poor",1,1,0.6375,3
8.9,5,4.4,5.8,9,5,"High","High","Poor",1,1,0.78,6
5.7,4,3,3.3,10,5,"High","Medium","Poor",0,1,0.555,5
5.8,2,2.3,4.1,8,5,"Low","Medium","Poor",0,1,0.409166666666667,7
6.8,5,2.6,3,10,5,"High","Medium","Poor",1,1,0.635,5
7.9,4,4.7,4.3,10,5,"High","Medium","Poor",1,1,0.699166666666667,5
7.8,1,4.2,4.7,10,5,"Low","Medium","Poor",0,1,0.495,5
5.9,2,3.2,4,10,5,"Low","Medium","Poor",0,1,0.45,5
9.6,5,4.8,4.3,10,5,"High","High","Poor",1,1,0.82,5
8.4,5,5,3.9,10,5,"High","High","Poor",1,1,0.788333333333333,5
7,1,2.5,4.5,8,5,"Low","Medium","Poor",0,1,0.3975,7
6.3,5,3.6,4.8,9,5,"High","Medium","Poor",1,1,0.66,6
6.8,1,3.5,3.7,10,5,"Low","Medium","Poor",0,1,0.4325,5
9.5,5,4.6,4.3,10,4,"High","High","Poor",1,1,0.808333333333333,4
8.3,1,4.3,3.3,10,4,"Low","High","Poor",0,1,0.515833333333333,4
7.6,3,1.8,3.9,9,5,"Medium","Medium","Poor",0,1,0.508333333333333,6
6.1,5,2.7,4.2,8,5,"High","Medium","Poor",1,1,0.615833333333333,7
7.6,5,3.5,3.1,10,4,"High","Medium","Poor",1,1,0.699166666666667,4
8.3,5,4.7,4.5,10,5,"High","High","Poor",1,1,0.7725,5
9.6,5,2.7,3.4,10,4,"High","High","Poor",1,1,0.7325,4
9.7,5,2.2,6.6,9,5,"High","High","Adequate",1,1,0.715,6
4.9,3,2.3,3.1,10,5,"Medium","Medium","Poor",0,1,0.439166666666667,5
8.2,4,2.8,3.9,10,5,"High","High","Poor",1,1,0.63,5
10.6,2,5.5,4.6,10,5,"Low","High","Poor",0,1,0.7025,5
9.5,1,5.2,3.6,10,4,"Low","High","Poor",0,1,0.593333333333333,4
7.4,3,3.3,4.6,8,5,"Medium","Medium","Poor",0,1,0.564166666666667,7
9.5,3,5,4.9,10,5,"Medium","High","Poor",0,1,0.705,5
12,2,7.2,5.6,10,5,"Low","High","Poor",0,1,0.82,5
8.3,2,2.8,3.1,10,5,"Low","High","Poor",0,1,0.513333333333333,5
6.2,3,2.8,3.1,10,4,"Medium","Medium","Poor",0,1,0.503333333333333,4
7,5,3.6,3.9,10,5,"High","Medium","Poor",1,1,0.683333333333333,5
9.6,1,5.1,3,10,4,"Low","High","Poor",0,1,0.5925,4
9.6,4,5.4,3.8,10,5,"High","High","Poor",1,1,0.785,5
8.3,4,3.3,4.5,10,5,"High","High","Poor",1,1,0.654166666666667,5
9.2,4,2.8,4.4,9,5,"High","High","Poor",1,1,0.663333333333333,6
9.3,3,4,5,9,5,"Medium","High","Poor",0,1,0.656666666666667,6
4.1,5,2.1,3,10,5,"High","Medium","Poor",0,1,0.524166666666667,5
10.1,1,6.1,3.5,10,3,"Low","High","Poor",0,1,0.650833333333333,3
11.1,5,5.8,5.5,10,5,"High","High","Poor",1,1,0.911666666666667,5
8.6,3,3,4,10,4,"Medium","High","Poor",0,1,0.591666666666667,4
10.9,4,5.6,5.4,10,4,"High","High","Poor",1,1,0.836666666666667,4
9.9,4,5.2,5.5,10,5,"High","High","Poor",1,1,0.786666666666667,5
7.6,3,4.3,5.5,8,5,"Medium","Medium","Poor",0,1,0.6125,7
6.5,5,3.3,3,10,5,"High","Medium","Poor",1,1,0.654166666666667,5
7.8,4,4.4,3.5,10,5,"High","Medium","Poor",1,1,0.683333333333333,5
10.3,1,4.5,4.6,10,5,"Low","High","Poor",0,1,0.590833333333333,5
10.6,2,4,5,10,5,"Low","High","Poor",0,1,0.64,5
5.5,2,3,3,9,5,"Low","Medium","Poor",0,1,0.428333333333333,6
5.3,5,1.2,4.6,9,5,"High","Medium","Poor",0,1,0.526666666666667,6
4.5,2,1.4,3,10,5,"Low","Medium","Poor",0,1,0.328333333333333,5
8.6,5,4,3.6,10,5,"High","High","Poor",1,1,0.753333333333333,5
8.8,2,3.4,3,10,4,"Low","High","Poor",0,1,0.555,4
6.9,1,2,3,10,4,"Low","Medium","Poor",0,1,0.373333333333333,4
7.7,5,3.5,5.1,10,5,"High","Medium","Poor",1,1,0.7025,5
8.9,4,5.3,5.5,10,5,"High","High","Poor",1,1,0.7575,5
6.1,5,3.3,3.8,10,5,"High","Medium","Poor",1,1,0.640833333333333,5
8.6,4,4.4,3.6,10,5,"High","High","Poor",1,1,0.71,5
8.7,4,3,3,10,5,"High","High","Poor",1,1,0.655,5
9.2,5,4.8,4.3,10,4,"High","High","Poor",1,1,0.806666666666667,4
7.2,2,4.3,3.3,10,5,"Low","Medium","Poor",0,1,0.539166666666667,5
8,5,3,3.8,10,5,"High","High","Poor",1,1,0.691666666666667,5
7.4,4,1.6,4.7,9,5,"High","Medium","Poor",1,1,0.553333333333333,6
6.8,5,3.7,4.6,10,5,"High","Medium","Poor",1,1,0.680833333333333,5
8.3,3,5,3.9,10,4,"Medium","High","Poor",0,1,0.665,4
9.1,3,2.3,3.1,10,4,"Medium","High","Poor",0,1,0.579166666666667,4
9.7,1,3.8,5.6,10,5,"Low","High","Poor",0,1,0.541666666666667,5
6.4,5,2.6,3,8,5,"High","Medium","Poor",1,1,0.621666666666667,7
8.6,4,2.6,5.1,10,5,"High","High","Poor",1,1,0.635,5
8.1,4,3.9,4.2,10,4,"High","High","Poor",1,1,0.6725,4
7.2,1,4.3,4.9,10,5,"Low","Medium","Poor",0,1,0.479166666666667,5
9.5,4,4.2,5.1,9,5,"High","High","Poor",1,1,0.731666666666667,6
9.9,1,5.5,3.6,10,5,"Low","High","Poor",0,1,0.619166666666667,5
8.4,4,4.2,4.9,10,5,"High","High","Poor",1,1,0.695,5
10.6,1,4.8,5,10,5,"Low","High","Poor",0,1,0.613333333333333,5
7.4,2,2.3,3.3,10,5,"Low","Medium","Poor",0,1,0.4625,5
8.6,2,4.8,4.6,10,5,"Low","High","Poor",0,1,0.606666666666667,5
6.8,2,3,4.1,10,5,"Low","Medium","Poor",0,1,0.471666666666667,5
7.2,4,2.2,3,10,5,"High","Medium","Poor",1,1,0.571666666666667,5
5.8,4,2.3,3,10,5,"High","Medium","Poor",0,1,0.529166666666667,5
7.4,5,3.5,3,10,5,"High","Medium","Poor",1,1,0.6925,5
11,3,3.7,6,10,5,"Medium","High","Adequate",0,1,0.700833333333333,5
9.3,5,4.4,5.3,10,5,"High","High","Poor",1,1,0.793333333333333,5
5.7,4,3.4,3.4,10,5,"High","Medium","Poor",0,1,0.571666666666667,5
7.2,1,3.7,3.7,10,4,"Low","Medium","Poor",0,1,0.454166666666667,4
9,3,4.9,4.2,10,5,"Medium","High","Poor",0,1,0.684166666666667,5
6.7,1,2.9,4.1,9,5,"Low","Medium","Poor",0,1,0.404166666666667,6
7.6,4,4.1,3.1,10,3,"High","Medium","Poor",1,1,0.664166666666667,3
5.8,4,1.8,5.8,8,5,"High","Medium","Poor",0,1,0.508333333333333,7
5.3,5,3,3.4,10,5,"High","Medium","Poor",0,1,0.601666666666667,5
10.7,5,2.8,3.4,10,5,"High","High","Poor",1,1,0.773333333333333,5
6.5,4,1.4,3.4,9,5,"High","Medium","Poor",1,1,0.515,6
7.3,2,2,3.1,10,4,"Low","Medium","Poor",0,1,0.446666666666667,4
7.4,1,3.2,4.3,9,5,"Low","Medium","Poor",0,1,0.44,6
12,5,2.5,5.4,10,4,"High","High","Poor",1,1,0.804166666666667,4
11.3,3,4.3,4.7,10,5,"Medium","High","Poor",0,1,0.735833333333333,5
6.8,1,3.7,4.2,10,5,"Low","Medium","Poor",0,1,0.440833333333333,5
8.8,4,1.9,3.7,10,3,"High","High","Poor",1,1,0.6125,3
5.3,3,2.7,4.5,9,5,"Medium","Medium","Poor",0,1,0.469166666666667,6
9.4,5,4.5,4.9,10,4,"High","High","Poor",1,1,0.800833333333333,4
7.4,5,2.4,4.7,9,5,"High","Medium","Poor",1,1,0.646666666666667,6
5.3,4,2.4,3.9,9,5,"High","Medium","Poor",0,1,0.516666666666667,6
7.9,1,2.3,4.7,8,5,"Low","Medium","Poor",0,1,0.419166666666667,7
6.2,1,2.8,3,10,5,"Low","Medium","Poor",0,1,0.383333333333333,5
6.6,4,3.2,4.6,9,5,"High","Medium","Poor",1,1,0.593333333333333,6
8.8,4,4.3,5.2,9,5,"High","High","Poor",1,1,0.7125,6
10.3,5,4.1,3.8,10,5,"High","High","Poor",1,1,0.814166666666667,5
10.2,1,5.9,4.5,10,4,"Low","High","Poor",0,1,0.645833333333333,4
8.8,5,4.1,3.4,10,4,"High","High","Poor",1,1,0.764166666666667,4
8.4,5,4,4.8,9,5,"High","High","Poor",1,1,0.746666666666667,6
7.5,4,3.2,3,10,5,"High","Medium","Poor",1,1,0.623333333333333,5
6.4,2,1.6,4.9,8,5,"Low","Medium","Poor",0,1,0.4,7
8.4,1,4.4,5.5,9,5,"Low","High","Poor",0,1,0.523333333333333,6
10.5,3,6.3,6.3,9,5,"Medium","High","Adequate",0,1,0.7925,6
6.7,5,2.7,4.7,9,5,"High","Medium","Poor",1,1,0.635833333333333,6
7.3,1,1.7,3.2,10,5,"Low","Medium","Poor",0,1,0.374166666666667,5
8.4,4,3.3,4.2,10,5,"High","High","Poor",1,1,0.6575,5
9,4,4.9,4.5,10,4,"High","High","Poor",1,1,0.744166666666667,4
9.9,4,4.7,5.8,9,5,"High","High","Poor",1,1,0.765833333333333,6
3,2,1.7,3.2,8,5,"Low","Low","Poor",0,1,0.290833333333333,7
8.5,4,4.5,4.9,10,5,"High","High","Poor",1,1,0.710833333333333,5
9.3,4,3.7,4.9,10,4,"High","High","Poor",1,1,0.704166666666667,4
7.4,5,1.6,4.1,9,5,"High","Medium","Poor",1,1,0.613333333333333,6
6.7,1,2.8,3.4,9,5,"Low","Medium","Poor",0,1,0.4,6
6.9,3,3.1,3.5,10,4,"Medium","Medium","Poor",0,1,0.539166666666667,4
8.4,1,4.1,3.3,10,4,"Low","High","Poor",0,1,0.510833333333333,4
8.3,3,4.7,5,10,5,"Medium","High","Poor",0,1,0.6525,5
9.1,4,4.8,5.3,10,5,"High","High","Poor",1,1,0.743333333333333,5
7.4,5,2.2,3.9,9,5,"High","Medium","Poor",1,1,0.638333333333333,6
9.9,1,5.1,3.7,10,2,"Low","High","Poor",0,1,0.6025,2
7.1,2,3.4,4.1,10,5,"Low","Medium","Poor",0,1,0.498333333333333,5
12,3,5.2,5,10,5,"Medium","High","Poor",0,1,0.796666666666667,5
5.3,3,2.3,3,10,5,"Medium","Medium","Poor",0,1,0.4525,5
10.7,1,6.1,4,10,3,"Low","High","Poor",0,1,0.670833333333333,3
5,1,2.8,3,10,3,"Low","Medium","Poor",0,1,0.343333333333333,3
7.5,2,2.7,3.2,10,5,"Low","Medium","Poor",0,1,0.4825,5
9.6,2,5.7,5.8,10,5,"Low","High","Poor",0,1,0.6775,5
9,2,3.2,3,10,5,"Low","High","Poor",0,1,0.553333333333333,5
8.4,1,4.8,5.1,10,5,"Low","High","Poor",0,1,0.54,5
9,3,5.2,7,9,5,"Medium","High","Adequate",0,1,0.696666666666667,6
7.6,5,3.9,3,10,4,"High","Medium","Poor",1,1,0.715833333333333,4
9.3,2,3.1,4.3,10,5,"Low","High","Poor",0,1,0.559166666666667,5
8.5,3,5,4.3,10,4,"Medium","High","Poor",0,1,0.671666666666667,4
9.4,2,4,4.7,10,5,"Low","High","Poor",0,1,0.6,5
9.4,2,3.5,3.4,10,5,"Low","High","Poor",0,1,0.579166666666667,5
10.7,5,4.4,5.3,10,5,"High","High","Poor",1,1,0.84,5
7.1,1,2.5,4,10,4,"Low","Medium","Poor",0,1,0.400833333333333,4
10.7,4,6,5.5,10,4,"High","High","Poor",1,1,0.846666666666667,4
6.5,2,2.9,4.4,10,5,"Low","Medium","Poor",0,1,0.4575,5
6.9,1,3.7,5.1,10,5,"Low","Medium","Poor",0,1,0.444166666666667,5
10.4,1,5.4,4.4,10,5,"Low","High","Poor",0,1,0.631666666666667,5
9,2,5,5,10,5,"Low","High","Poor",0,1,0.628333333333333,5
8.7,5,5.1,4.2,10,5,"High","High","Poor",1,1,0.8025,5
9.7,4,5.7,5.2,10,5,"High","High","Poor",1,1,0.800833333333333,5
8.7,3,4.9,6,9,5,"Medium","High","Adequate",0,1,0.674166666666667,6
7.8,3,4,4.1,9,4,"Medium","Medium","Poor",0,1,0.606666666666667,5
7.2,1,3.8,3,10,5,"Low","Medium","Poor",0,1,0.458333333333333,5
5.8,2,2.9,3,10,5,"Low","Medium","Poor",0,1,0.434166666666667,5
8.3,3,3.5,3,10,3,"Medium","High","Poor",0,1,0.6025,3
5.7,2,2,4.1,10,5,"Low","Medium","Poor",0,1,0.393333333333333,5
10.4,4,6,4.9,10,4,"High","High","Poor",1,1,0.836666666666667,4
7.3,2,4,3,10,5,"Low","Medium","Poor",0,1,0.53,5
8.6,1,3.8,4.7,8,5,"Low","High","Poor",0,1,0.505,7
10.2,1,2.9,4.7,10,4,"Low","High","Poor",0,1,0.520833333333333,4
7.4,5,3.2,4.4,10,5,"High","Medium","Poor",1,1,0.68,5
8.5,1,3.8,4.7,9,5,"Low","High","Poor",0,1,0.501666666666667,6
8,2,2.5,3,10,5,"Low","High","Poor",0,1,0.490833333333333,5
9,2,4.6,3.7,10,4,"Low","High","Poor",0,1,0.611666666666667,4
7.3,5,3.8,3,10,5,"High","Medium","Poor",1,1,0.701666666666667,5
7.6,3,2.3,4.3,9,5,"Medium","Medium","Poor",0,1,0.529166666666667,6
7.1,3,3,3,10,5,"Medium","Medium","Poor",0,1,0.541666666666667,5
8.1,3,2.3,4.8,9,5,"Medium","High","Poor",0,1,0.545833333333333,6
7.7,2,4.3,4.2,10,5,"Low","Medium","Poor",0,1,0.555833333333333,5
12,2,5.8,5.9,10,5,"Low","High","Poor",0,1,0.761666666666667,5
8.7,1,3.8,4.8,10,4,"Low","High","Poor",0,1,0.508333333333333,4
7.1,1,2.5,4.5,10,5,"Low","Medium","Poor",0,1,0.400833333333333,5
7.8,5,3.3,5,10,5,"High","Medium","Poor",1,1,0.6975,5
10.2,2,5.2,6.8,10,5,"Low","High","Adequate",0,1,0.676666666666667,5
9.8,5,5.4,3.3,10,4,"High","High","Poor",1,1,0.851666666666667,4
8.5,3,5,3.1,10,3,"Medium","High","Poor",0,1,0.671666666666667,3
9.6,1,5,5.8,9,5,"Low","High","Poor",0,1,0.588333333333333,6
8.6,4,2.8,3.8,10,5,"High","High","Poor",1,1,0.643333333333333,5
10,1,4.9,4.5,10,5,"Low","High","Poor",0,1,0.5975,5
5.7,3,2.4,3.8,10,5,"Medium","Medium","Poor",0,1,0.47,5
8.2,5,3.3,4.4,8,5,"High","High","Poor",1,1,0.710833333333333,7
8.3,5,4.2,4.7,10,4,"High","High","Poor",1,1,0.751666666666667,4
9.8,1,5.1,5.9,9,5,"Low","High","Poor",0,1,0.599166666666667,6
8,3,2.5,4.4,9,5,"Medium","High","Poor",0,1,0.550833333333333,6
11.4,5,4.3,5.9,9,4,"High","High","Poor",1,1,0.859166666666667,5
7.9,1,4.7,5.5,9,5,"Low","Medium","Poor",0,1,0.519166666666667,6
12,3,4.6,6.1,10,5,"Medium","High","Adequate",0,1,0.771666666666667,5
7.6,3,4.2,4.3,10,5,"Medium","Medium","Poor",0,1,0.608333333333333,5
7.2,1,1.7,3,10,5,"Low","Medium","Poor",0,1,0.370833333333333,5
11.2,3,4.4,3,10,4,"Medium","High","Poor",0,1,0.736666666666667,4
7,4,3.6,4.8,10,5,"High","Medium","Poor",1,1,0.623333333333333,5
6.6,4,2.4,4.3,8,5,"High","Medium","Poor",1,1,0.56,7
6.7,2,2.9,4.6,8,5,"Low","Medium","Poor",0,1,0.464166666666667,7
8.6,5,4.8,3.6,10,4,"High","High","Poor",1,1,0.786666666666667,4
7.4,2,2.2,4.5,8,5,"Low","Medium","Poor",0,1,0.458333333333333,7
6.3,3,3.7,3.5,10,5,"Medium","Medium","Poor",0,1,0.544166666666667,5
9.9,1,4.8,4.2,10,4,"Low","High","Poor",0,1,0.59,4
5.7,3,1.8,3,9,4,"Medium","Medium","Poor",0,1,0.445,5
9.6,5,5.3,5.6,10,5,"High","High","Poor",1,1,0.840833333333333,5
8.2,5,3.3,5.9,9,5,"High","High","Poor",1,1,0.710833333333333,6
7,1,2.3,3.5,10,5,"Low","Medium","Poor",0,1,0.389166666666667,5
8.1,5,2.9,3.8,10,5,"High","High","Poor",1,1,0.690833333333333,5
7.2,1,4.1,3.9,10,5,"Low","Medium","Poor",0,1,0.470833333333333,5
7.6,1,3.5,3.9,8,5,"Low","Medium","Poor",0,1,0.459166666666667,7
4.8,1,2.2,3.4,10,5,"Low","Medium","Poor",0,1,0.311666666666667,5
7.9,1,3.7,3.4,10,5,"Low","Medium","Poor",0,1,0.4775,5
9.6,4,4.5,3.4,10,5,"High","High","Poor",1,1,0.7475,5
11,3,5.3,4.3,10,4,"Medium","High","Poor",0,1,0.7675,4
6.2,4,3.2,4.9,8,5,"High","Medium","Poor",1,1,0.58,7
9,5,2.4,5.2,8,4,"High","High","Poor",1,1,0.7,6
8.8,2,3.8,5,10,5,"Low","High","Poor",0,1,0.571666666666667,5
5.9,4,3.2,3.9,9,5,"High","Medium","Poor",0,1,0.57,6
8.9,5,5.1,4.8,10,5,"High","High","Poor",1,1,0.809166666666667,5
5.2,5,2,3,9,4,"High","Medium","Poor",0,1,0.556666666666667,5
7.8,5,1.8,3.5,10,5,"High","Medium","Poor",1,1,0.635,5
6.1,3,3.2,4,9,5,"Medium","Medium","Poor",0,1,0.516666666666667,6
6.2,2,2.7,3.3,10,5,"Low","Medium","Poor",0,1,0.439166666666667,5
9.6,2,3.8,3.7,9,5,"Low","High","Poor",0,1,0.598333333333333,6
5.9,2,3.3,5.1,8,4,"Low","Medium","Poor",0,1,0.454166666666667,6
10,1,5.9,3,10,3,"Low","High","Poor",0,1,0.639166666666667,3
10.7,4,3.9,6.6,9,5,"High","High","Adequate",1,1,0.759166666666667,6
7.7,2,3.2,3,10,5,"Low","Medium","Poor",0,1,0.51,5
8.9,2,4.4,4.2,10,5,"Low","High","Poor",0,1,0.6,5
5.2,3,3,3,10,5,"Medium","Medium","Poor",0,1,0.478333333333333,5
10.6,5,5.2,3.8,10,5,"High","High","Poor",1,1,0.87,5
8.2,2,4.3,5.2,10,5,"Low","High","Poor",0,1,0.5725,5
9.7,2,5.7,3.2,10,4,"Low","High","Poor",0,1,0.680833333333333,4
8.6,5,2.3,3.5,10,4,"High","High","Poor",1,1,0.6825,4
6.8,1,4,3.6,9,4,"Low","Medium","Poor",0,1,0.453333333333333,5
8.9,1,4.5,5.2,9,5,"Low","High","Poor",0,1,0.544166666666667,6
8.6,5,2.6,5.2,9,5,"High","High","Poor",1,1,0.695,6
10.9,2,6.3,5,10,5,"Low","High","Poor",0,1,0.745833333333333,5
7.7,3,3.2,3.2,10,5,"Medium","Medium","Poor",0,1,0.57,5
9.2,5,3.1,4.7,10,5,"High","High","Poor",1,1,0.735833333333333,5
4.5,5,1.5,3,9,5,"High","Medium","Poor",0,1,0.5125,6
9.1,5,4.5,5.4,10,5,"High","High","Poor",1,1,0.790833333333333,5
7.1,2,3.4,3.3,10,5,"Low","Medium","Poor",0,1,0.498333333333333,5
7.7,3,3.5,3.2,10,4,"Medium","Medium","Poor",0,1,0.5825,4
7,4,4.1,3.3,10,4,"High","Medium","Poor",1,1,0.644166666666667,4
11.8,2,6,5.3,10,4,"Low","High","Poor",0,1,0.763333333333333,4
9.3,1,4.2,3.4,10,3,"Low","High","Poor",0,1,0.545,3
9.7,2,5.5,3.1,10,3,"Low","High","Poor",0,1,0.6725,3
5.6,5,2.7,3.5,9,5,"High","Medium","Poor",0,1,0.599166666666667,6
8.3,4,4.9,4.4,10,5,"High","High","Poor",1,1,0.720833333333333,5
10,2,4.5,5.6,10,4,"Low","High","Poor",0,1,0.640833333333333,4
6.6,2,3.5,3.1,10,5,"Low","Medium","Poor",0,1,0.485833333333333,5
6.2,2,2,3.6,10,4,"Low","Medium","Poor",0,1,0.41,4
11.5,5,5.9,6.4,9,5,"High","High","Adequate",1,1,0.929166666666667,6
3.4,1,1,4.4,8,5,"Low","Low","Poor",0,1,0.215,7
4.9,1,1.9,3.3,8,5,"Low","Medium","Poor",0,1,0.3025,7
9.7,5,5.5,5.3,10,5,"High","High","Poor",1,1,0.8525,5
6.4,1,2.7,3,10,5,"Low","Medium","Poor",0,1,0.385833333333333,5
6.2,4,3.2,4,9,5,"High","Medium","Poor",1,1,0.58,6
6.9,4,2.8,3.8,10,5,"High","Medium","Poor",1,1,0.586666666666667,5
8.9,4,5,4.9,10,4,"High","High","Poor",1,1,0.745,4
8.4,4,2.5,4.4,10,5,"High","High","Poor",1,1,0.624166666666667,5
7,4,3,4.4,9,5,"High","Medium","Poor",1,1,0.598333333333333,6
9,5,5.4,3.8,10,5,"High","High","Poor",1,1,0.825,5
9.8,3,5.6,4.1,10,5,"Medium","High","Poor",0,1,0.74,5
7.9,4,3.8,3.8,10,5,"High","Medium","Poor",1,1,0.661666666666667,5
8.7,3,4.7,5.6,10,5,"Medium","High","Poor",0,1,0.665833333333333,5
9,2,4.1,3.6,10,4,"Low","High","Poor",0,1,0.590833333333333,4
10,1,3.4,4.1,10,5,"Low","High","Poor",0,1,0.535,5
6.9,4,2.2,3.2,10,5,"High","Medium","Poor",1,1,0.561666666666667,5
10.6,3,5.2,5.2,9,5,"Medium","High","Poor",0,1,0.75,6
6.2,2,2.2,3,9,4,"Low","Medium","Poor",0,1,0.418333333333333,5
8.6,2,2.6,5.8,8,4,"Low","High","Poor",0,1,0.515,6
8,2,2.9,3.1,10,4,"Low","High","Poor",0,1,0.5075,4
7.9,4,2.4,3.7,10,5,"High","Medium","Poor",1,1,0.603333333333333,5
8.2,4,2.8,4.1,9,5,"High","High","Poor",1,1,0.63,6
10.7,1,6.4,5.9,10,5,"Low","High","Poor",0,1,0.683333333333333,5
6.5,4,3.9,3,10,5,"High","Medium","Poor",1,1,0.619166666666667,5
8.8,1,3.6,3.2,10,4,"Low","High","Poor",0,1,0.503333333333333,4
8.4,2,3,3.7,10,4,"Low","High","Poor",0,1,0.525,4
9.1,2,3.9,5,9,5,"Low","High","Poor",0,1,0.585833333333333,6
9.3,2,2.7,3.7,10,5,"Low","High","Poor",0,1,0.5425,5
11.8,1,4.7,4.8,10,5,"Low","High","Poor",0,1,0.649166666666667,5
8.8,2,4.1,4.3,10,5,"Low","High","Poor",0,1,0.584166666666667,5
9.8,2,4.5,4.2,10,5,"Low","High","Poor",0,1,0.634166666666667,5
5.9,5,2.7,4.7,9,5,"High","Medium","Poor",0,1,0.609166666666667,6
9.7,5,5.5,5.9,9,4,"High","High","Poor",1,1,0.8525,5
9,4,3.4,5.9,8,5,"High","High","Poor",1,1,0.681666666666667,7
8,1,1.8,4.1,10,5,"Low","High","Poor",0,1,0.401666666666667,5
5.3,2,3,3,10,5,"Low","Medium","Poor",0,1,0.421666666666667,5
6.7,1,2,3.7,9,5,"Low","Medium","Poor",0,1,0.366666666666667,6
4.6,4,1.9,4.6,9,5,"High","Medium","Poor",0,1,0.4725,6
4.5,3,1.9,3.8,9,5,"Medium","Medium","Poor",0,1,0.409166666666667,6
11.2,4,6.3,5,10,4,"High","High","Poor",1,1,0.875833333333333,4
7.9,5,4.3,6,9,5,"High","Medium","Adequate",1,1,0.7425,6
5.6,3,3.1,3.5,9,5,"Medium","Medium","Poor",0,1,0.495833333333333,6
6.6,4,2.6,3.2,10,3,"High","Medium","Poor",1,1,0.568333333333333,3
10.5,5,5.4,5.3,10,5,"High","High","Poor",1,1,0.875,5
10,2,5.1,7.3,10,5,"Low","High","Adequate",0,1,0.665833333333333,5
8.5,5,5,4.8,10,5,"High","High","Poor",1,1,0.791666666666667,5
10.5,4,6.1,4.5,10,4,"High","High","Poor",1,1,0.844166666666667,4
5.9,3,3.1,3.2,10,5,"Medium","Medium","Poor",0,1,0.505833333333333,5
9.5,5,2,6.1,9,5,"High","High","Adequate",1,1,0.7,6
6.7,5,3.3,4.4,10,5,"High","Medium","Poor",1,1,0.660833333333333,5
5.7,4,1.4,4.1,8,5,"High","Medium","Poor",0,1,0.488333333333333,7
9.8,3,5.4,4.2,10,5,"Medium","High","Poor",0,1,0.731666666666667,5
4.9,2,2.3,3.2,9,5,"Low","Medium","Poor",0,1,0.379166666666667,6
9.7,5,4.9,4.7,10,5,"High","High","Poor",1,1,0.8275,5
6.4,3,2.5,4.1,10,5,"Medium","Medium","Poor",0,1,0.4975,5
9.2,3,3.8,3.4,10,5,"Medium","High","Poor",0,1,0.645,5
8.8,4,5.2,4.3,10,4,"High","High","Poor",1,1,0.75,4
8.5,1,4,3.4,10,5,"Low","High","Poor",0,1,0.51,5
7.1,1,3.5,3.6,10,5,"Low","Medium","Poor",0,1,0.4425,5
6.2,2,1.4,3.3,9,5,"Low","Medium","Poor",0,1,0.385,6
8.2,2,3.6,4,10,5,"Low","High","Poor",0,1,0.543333333333333,5
9.8,3,5.2,4.8,10,5,"Medium","High","Poor",0,1,0.723333333333333,5
6.8,5,1.6,4.1,8,5,"High","Medium","Poor",1,1,0.593333333333333,7
11.6,5,5,4.7,10,4,"High","High","Poor",1,1,0.895,4
7.9,1,2.5,3,10,4,"Low","Medium","Poor",0,1,0.4275,4
7.4,2,2.3,3.7,9,5,"Low","Medium","Poor",0,1,0.4625,6
7.6,1,1.7,3,10,5,"Low","Medium","Poor",0,1,0.384166666666667,5
9.6,3,2.2,3,10,4,"Medium","High","Poor",0,1,0.591666666666667,4
7.1,2,2.5,4.9,9,5,"Low","Medium","Poor",0,1,0.460833333333333,6
10,5,5.9,5.2,9,5,"High","High","Poor",1,1,0.879166666666667,6
10,1,4.7,4.2,10,5,"Low","High","Poor",0,1,0.589166666666667,5
9.7,2,2.1,4,9,5,"Low","High","Poor",0,1,0.530833333333333,6
7.4,1,3.4,3.7,10,5,"Low","Medium","Poor",0,1,0.448333333333333,5
9.6,1,4.8,3,10,2,"Low","High","Poor",0,1,0.58,2
9.6,3,5.7,3.5,10,4,"Medium","High","Poor",0,1,0.7375,4
9,5,4,3.5,10,5,"High","High","Poor",1,1,0.766666666666667,5
8.1,4,1.9,4.7,8,5,"High","High","Poor",1,1,0.589166666666667,7
10.2,2,5.2,6.2,10,5,"Low","High","Adequate",0,1,0.676666666666667,5
9.3,2,4.5,6,9,5,"Low","High","Adequate",0,1,0.6175,6
7.9,2,3.5,5.8,8,4,"Low","Medium","Poor",0,1,0.529166666666667,6
5.4,3,3.2,3.1,10,4,"Medium","Medium","Poor",0,1,0.493333333333333,4
7.1,3,3.2,3.7,10,5,"Medium","Medium","Poor",0,1,0.55,5
5.6,1,2.6,3.4,10,4,"Low","Medium","Poor",0,1,0.355,4
7.3,4,4.1,3.6,9,4,"High","Medium","Poor",1,1,0.654166666666667,5
7.8,2,4.3,5.2,9,5,"Low","Medium","Poor",0,1,0.559166666666667,6
6.1,2,3.6,3,10,4,"Low","Medium","Poor",0,1,0.473333333333333,4
10.8,3,5.4,3,10,3,"Medium","High","Poor",0,1,0.765,3
5.3,2,3.2,3,9,4,"Low","Medium","Poor",0,1,0.43,5
8.7,5,3.3,4.4,10,5,"High","High","Poor",1,1,0.7275,5
9.9,2,3.3,5.5,9,5,"Low","High","Poor",0,1,0.5875,6
11,4,2.4,3.5,10,4,"High","High","Poor",1,1,0.706666666666667,4
9.8,3,5.8,3.2,10,4,"Medium","High","Poor",0,1,0.748333333333333,4
9.7,1,3.4,5.1,9,5,"Low","High","Poor",0,1,0.525,6
8.7,1,2.6,5.1,10,5,"Low","High","Poor",0,1,0.458333333333333,5
7.3,1,3.1,3.7,10,5,"Low","Medium","Poor",0,1,0.4325,5
8.6,1,2.2,3,10,4,"Low","High","Poor",0,1,0.438333333333333,4
8,3,3.8,5,9,5,"Medium","High","Poor",0,1,0.605,6
10.5,2,3.5,4.5,10,5,"Low","High","Poor",0,1,0.615833333333333,5
7.6,4,1.6,5,9,5,"High","Medium","Poor",1,1,0.56,6
6.7,1,4,5,10,5,"Low","Medium","Poor",0,1,0.45,5
8.3,3,3.3,3,10,5,"Medium","High","Poor",0,1,0.594166666666667,5
6.9,5,4,4.3,10,5,"High","Medium","Poor",1,1,0.696666666666667,5
8.3,5,4.7,3.2,10,5,"High","High","Poor",1,1,0.7725,5
8.8,1,3.2,4.9,10,5,"Low","High","Poor",0,1,0.486666666666667,5
7.2,3,4.1,4.2,10,4,"Medium","Medium","Poor",0,1,0.590833333333333,4
9.6,5,5.1,3.2,10,3,"High","High","Poor",1,1,0.8325,3
7.5,5,1.9,3.7,9,5,"High","Medium","Poor",1,1,0.629166666666667,6
9.6,1,5.3,5,9,5,"Low","High","Poor",0,1,0.600833333333333,6
9.2,2,5.1,4.4,10,5,"Low","High","Poor",0,1,0.639166666666667,5
9.1,4,5.3,3.2,10,3,"High","High","Poor",1,1,0.764166666666667,3
5.5,5,2.8,4.2,10,4,"High","Medium","Poor",0,1,0.6,4
9.3,5,5.4,5.7,10,5,"High","High","Poor",1,1,0.835,5
6.4,2,2,4.2,8,5,"Low","Medium","Poor",0,1,0.416666666666667,7
9,1,3.6,3.8,10,5,"Low","High","Poor",0,1,0.51,5
5,4,2.7,3.8,8,5,"High","Medium","Poor",0,1,0.519166666666667,7
5.6,1,2.7,5,9,5,"Low","Medium","Poor",0,1,0.359166666666667,6
5.1,1,2.4,3.7,10,5,"Low","Medium","Poor",0,1,0.33,5
6,4,3.4,5.2,9,4,"High","Medium","Poor",0,1,0.581666666666667,5
8.1,5,2.1,4.6,10,5,"High","High","Poor",1,1,0.6575,5
6.9,4,3.9,3,10,5,"High","Medium","Poor",1,1,0.6325,5
8.7,1,3.4,4.1,10,5,"Low","High","Poor",0,1,0.491666666666667,5
8.1,1,3.1,4.3,10,5,"Low","High","Poor",0,1,0.459166666666667,5
6.8,3,3.6,5.2,10,5,"Medium","Medium","Poor",0,1,0.556666666666667,5
9.2,4,5.1,3.9,10,4,"High","High","Poor",1,1,0.759166666666667,4
8.6,1,3.7,3.2,10,5,"Low","High","Poor",0,1,0.500833333333333,5
4.5,1,1.9,4.1,8,5,"Low","Medium","Poor",0,1,0.289166666666667,7
8.6,2,2.5,4.6,10,5,"Low","High","Poor",0,1,0.510833333333333,5
10.6,3,2.3,6.5,10,5,"Medium","High","Adequate",0,1,0.629166666666667,5
9.6,4,4.7,3.5,10,5,"High","High","Poor",1,1,0.755833333333333,5
7.7,3,4.3,3.1,10,5,"Medium","Medium","Poor",0,1,0.615833333333333,5
7.8,2,4.6,4.8,9,5,"Low","Medium","Poor",0,1,0.571666666666667,6
7.4,5,3.6,3,10,5,"High","Medium","Poor",1,1,0.696666666666667,5
6.2,2,1.5,4.7,8,5,"Low","Medium","Poor",0,1,0.389166666666667,7
10.7,5,4.4,4.6,10,4,"High","High","Poor",1,1,0.84,4
9,1,3.7,5.1,8,5,"Low","High","Poor",0,1,0.514166666666667,7
9,4,2.9,3,10,5,"High","High","Poor",1,1,0.660833333333333,5
7.5,2,1.7,3.4,10,4,"Low","Medium","Poor",0,1,0.440833333333333,4
7.5,3,4.4,6.1,8,5,"Medium","Medium","Adequate",0,1,0.613333333333333,7
9.4,3,2.5,3.8,10,5,"Medium","High","Poor",0,1,0.5975,5
6.9,5,1.9,3,10,5,"High","Medium","Poor",1,1,0.609166666666667,5
5.8,3,2.1,5,8,5,"Medium","Medium","Poor",0,1,0.460833333333333,7
11.7,3,2.8,5,10,5,"Medium","High","Poor",0,1,0.686666666666667,5
9.1,5,3.5,4.7,10,5,"High","High","Poor",1,1,0.749166666666667,5
6.6,4,2,4.9,8,5,"High","Medium","Poor",1,1,0.543333333333333,7
7.9,1,2.7,4.3,10,5,"Low","Medium","Poor",0,1,0.435833333333333,5
8.6,2,4.3,3.3,10,5,"Low","High","Poor",0,1,0.585833333333333,5
5,5,1.5,3.2,8,5,"High","Medium","Poor",0,1,0.529166666666667,7
9.2,4,5,4.1,10,5,"High","High","Poor",1,1,0.755,5
6.6,4,1.3,3.9,10,5,"High","Medium","Poor",1,1,0.514166666666667,5
7.7,1,4.3,5.4,10,5,"Low","Medium","Poor",0,1,0.495833333333333,5
7.9,4,4.6,6.8,8,5,"High","Medium","Adequate",1,1,0.695,7
6.6,5,1.7,4.2,8,5,"High","Medium","Poor",1,1,0.590833333333333,7
3.5,4,1.7,4.8,9,5,"High","Low","Poor",0,1,0.4275,6
8.1,1,2.8,5.6,10,5,"Low","High","Poor",0,1,0.446666666666667,5
8.1,2,3.9,3,10,4,"Low","High","Poor",0,1,0.5525,4
8.3,1,2.6,4.7,8,5,"Low","High","Poor",0,1,0.445,7
4.9,1,1.9,3.2,10,4,"Low","Medium","Poor",0,1,0.3025,4
7.9,5,4.6,3.4,10,4,"High","Medium","Poor",1,1,0.755,4
7.5,5,4.2,3.6,9,4,"High","Medium","Poor",1,1,0.725,5
6.4,3,2.5,3,10,5,"Medium","Medium","Poor",0,1,0.4975,5
8,1,4.3,3.9,10,5,"Low","High","Poor",0,1,0.505833333333333,5
7.2,2,2.9,3,10,4,"Low","Medium","Poor",0,1,0.480833333333333,4
8.2,5,4.8,3.6,10,5,"High","High","Poor",1,1,0.773333333333333,5
7.5,3,3.3,5.7,9,5,"Medium","Medium","Poor",0,1,0.5675,6
7.4,2,4,4,10,5,"Low","Medium","Poor",0,1,0.533333333333333,5
9,1,4.5,5.1,10,5,"Low","High","Poor",0,1,0.5475,5
8.7,5,4.8,4.5,10,5,"High","High","Poor",1,1,0.79,5
6.4,3,3.2,3,10,4,"Medium","Medium","Poor",0,1,0.526666666666667,4
9.9,5,2.4,5.6,9,5,"High","High","Poor",1,1,0.73,6
6,5,3.2,3.1,10,5,"High","Medium","Poor",0,1,0.633333333333333,5
7.4,4,4,3.9,10,5,"High","Medium","Poor",1,1,0.653333333333333,5
7.1,3,4.3,4.1,9,5,"Medium","Medium","Poor",0,1,0.595833333333333,6
6.9,4,1.9,3,9,5,"High","Medium","Poor",1,1,0.549166666666667,6
8.6,5,3,4.7,10,5,"High","High","Poor",1,1,0.711666666666667,5
8.3,1,4.3,5.2,10,5,"Low","High","Poor",0,1,0.515833333333333,5
8.8,1,4.3,5.8,9,5,"Low","High","Poor",0,1,0.5325,6
9.6,3,2.3,3,10,4,"Medium","High","Poor",0,1,0.595833333333333,4
9.5,1,5.5,4.9,8,4,"Low","High","Poor",0,1,0.605833333333333,6
5.3,4,2.6,3.1,9,5,"High","Medium","Poor",0,1,0.525,6
9,2,5.1,5.4,10,5,"Low","High","Poor",0,1,0.6325,5
7.5,5,4.3,4.6,10,5,"High","Medium","Poor",1,1,0.729166666666667,5
5.9,2,2.7,4.9,8,5,"Low","Medium","Poor",0,1,0.429166666666667,7
8.4,1,3.8,6.2,8,5,"Low","High","Adequate",0,1,0.498333333333333,7
6.9,3,3.1,3.4,10,5,"Medium","Medium","Poor",0,1,0.539166666666667,5
7.4,5,3.5,5.4,9,5,"High","Medium","Poor",1,1,0.6925,6
6.9,5,3.6,4.1,9,5,"High","Medium","Poor",1,1,0.68,6
11.1,4,3.1,4.8,8,5,"High","High","Poor",1,1,0.739166666666667,7
8,1,3.9,4.6,9,5,"Low","High","Poor",0,1,0.489166666666667,6
8.3,3,2.5,5,10,5,"Medium","High","Poor",0,1,0.560833333333333,5
10.3,1,4.9,4.3,10,5,"Low","High","Poor",0,1,0.6075,5
9.4,4,3.3,4.8,10,5,"High","High","Poor",1,1,0.690833333333333,5
7.3,3,4,4.1,10,5,"Medium","Medium","Poor",0,1,0.59,5
6.1,3,3.4,3.4,10,5,"Medium","Medium","Poor",0,1,0.525,5
8.9,3,3.7,3,10,5,"Medium","High","Poor",0,1,0.630833333333333,5
7.9,4,1.6,4.7,9,5,"High","Medium","Poor",1,1,0.57,6
6.6,1,3,5.5,9,5,"Low","Medium","Poor",0,1,0.405,6
10.2,4,3.4,5.2,10,5,"High","High","Poor",1,1,0.721666666666667,5
8.5,3,3.6,4,10,4,"Medium","High","Poor",0,1,0.613333333333333,4
11.1,3,3.5,3.4,10,5,"Medium","High","Poor",0,1,0.695833333333333,5
5.8,2,2,3.5,9,5,"Low","Medium","Poor",0,1,0.396666666666667,6
8.3,1,1.8,4.8,10,5,"Low","High","Poor",0,1,0.411666666666667,5
7.8,4,3.1,3.5,9,5,"High","Medium","Poor",1,1,0.629166666666667,6
7.9,5,2.6,3.9,10,4,"High","Medium","Poor",1,1,0.671666666666667,4
6.2,3,2.7,5.1,8,5,"Medium","Medium","Poor",0,1,0.499166666666667,7
6,3,1.6,3.4,8,5,"Medium","Medium","Poor",0,1,0.446666666666667,7
11.1,3,5.1,4.7,10,5,"Medium","High","Poor",0,1,0.7625,5
7.3,2,3.1,3.6,10,5,"Low","Medium","Poor",0,1,0.4925,5
5.3,1,2.1,3.6,9,5,"Low","Medium","Poor",0,1,0.324166666666667,6
9.3,1,3.5,3.9,10,5,"Low","High","Poor",0,1,0.515833333333333,5
8.1,4,4.6,4.5,9,5,"High","High","Poor",1,1,0.701666666666667,6
10.9,3,5.3,4.6,10,5,"Medium","High","Poor",0,1,0.764166666666667,5
6.1,2,3.3,3,10,5,"Low","Medium","Poor",0,1,0.460833333333333,5
6.2,5,3.5,4.3,9,4,"High","Medium","Poor",1,1,0.6525,5
8.8,3,3.4,4.3,10,5,"Medium","High","Poor",0,1,0.615,5
8.8,3,4.2,4,10,4,"Medium","High","Poor",0,1,0.648333333333333,4
9.6,1,2.1,4.2,10,5,"Low","High","Poor",0,1,0.4675,5
7,1,3.7,4.4,10,4,"Low","Medium","Poor",0,1,0.4475,4
6.5,4,3.8,3,10,4,"High","Medium","Poor",1,1,0.615,4
7.3,1,3.1,4.4,8,5,"Low","Medium","Poor",0,1,0.4325,7
7.1,3,3.4,3.2,10,4,"Medium","Medium","Poor",0,1,0.558333333333333,4
12,2,3.3,5.2,10,4,"Low","High","Poor",0,1,0.6575,4
9.7,4,5.3,6.3,10,5,"High","High","Adequate",1,1,0.784166666666667,5
9.8,4,4.1,5.3,10,5,"High","High","Poor",1,1,0.7375,5
7.6,5,3.9,4.3,8,5,"High","Medium","Poor",1,1,0.715833333333333,7
9,4,4.8,5,10,5,"High","High","Poor",1,1,0.74,5
6.2,2,1.6,3.6,10,5,"Low","Medium","Poor",0,1,0.393333333333333,5
9.5,4,2.5,5,8,4,"High","High","Poor",1,1,0.660833333333333,6
8.4,1,3.9,4.6,8,5,"Low","High","Poor",0,1,0.5025,7
7.6,3,4.4,5.7,9,5,"Medium","Medium","Poor",0,1,0.616666666666667,6
11.3,3,6.3,4.1,10,5,"Medium","High","Poor",0,1,0.819166666666667,5
7.9,1,4.6,4.3,10,3,"Low","Medium","Poor",0,1,0.515,3
6,2,1.6,3,10,5,"Low","Medium","Poor",0,1,0.386666666666667,5
9.3,3,4.8,3.8,10,5,"Medium","High","Poor",0,1,0.69,5
7.9,2,3.9,5.2,10,5,"Low","Medium","Poor",0,1,0.545833333333333,5
6.8,1,3.6,3.5,10,5,"Low","Medium","Poor",0,1,0.436666666666667,5
6.4,3,3.8,3.9,8,5,"Medium","Medium","Poor",0,1,0.551666666666667,7
8.8,4,4.4,5.6,10,5,"High","High","Poor",1,1,0.716666666666667,5
8.5,4,5,4.2,10,4,"High","High","Poor",1,1,0.731666666666667,4
10.3,5,5.5,5,10,4,"High","High","Poor",1,1,0.8725,4
6.1,3,1.9,5,9,5,"Medium","Medium","Poor",0,1,0.4625,6
6.9,4,2.8,4.8,9,5,"High","Medium","Poor",1,1,0.586666666666667,6
8.5,1,5,4.9,10,5,"Low","High","Poor",0,1,0.551666666666667,5
9,1,4.7,4.4,10,4,"Low","High","Poor",0,1,0.555833333333333,4
8.6,5,2.5,5.1,9,5,"High","High","Poor",1,1,0.690833333333333,6
8.1,2,4.4,5.9,10,5,"Low","High","Poor",0,1,0.573333333333333,5
8.1,4,4.5,3.7,10,5,"High","High","Poor",1,1,0.6975,5
9.6,4,4.6,6.3,9,5,"High","High","Adequate",1,1,0.751666666666667,6
5.2,1,3.1,3.4,10,4,"Low","Medium","Poor",0,1,0.3625,4
9.4,5,4.5,6.1,8,5,"High","High","Adequate",1,1,0.800833333333333,7
9.9,4,4.3,3.7,10,4,"High","High","Poor",1,1,0.749166666666667,4
9.4,2,4.4,5.4,10,5,"Low","High","Poor",0,1,0.616666666666667,5
8.8,3,3.9,3.7,10,4,"Medium","High","Poor",0,1,0.635833333333333,4
6.7,3,3,4.2,10,5,"Medium","Medium","Poor",0,1,0.528333333333333,5
9.2,3,5.3,5.1,10,5,"Medium","High","Poor",0,1,0.7075,5
10.9,5,4.7,4.7,10,5,"High","High","Poor",1,1,0.859166666666667,5
7.1,5,1.5,3.1,9,5,"High","Medium","Poor",1,1,0.599166666666667,6
8.5,2,4.7,5.6,10,5,"Low","High","Poor",0,1,0.599166666666667,5
10.7,4,3.9,5.5,10,5,"High","High","Poor",1,1,0.759166666666667,5
8.2,4,3.6,3.4,10,5,"High","High","Poor",1,1,0.663333333333333,5
7.3,5,2.2,3.9,9,4,"High","Medium","Poor",1,1,0.635,5
7.1,5,2.2,3.6,10,5,"High","Medium","Poor",1,1,0.628333333333333,5
4.2,5,1.4,3,10,5,"High","Medium","Poor",0,1,0.498333333333333,5
7,1,2.1,4.3,10,5,"Low","Medium","Poor",0,1,0.380833333333333,5
9,5,5.4,5.2,9,5,"High","High","Poor",1,1,0.825,6
8.7,1,4.2,3.2,10,5,"Low","High","Poor",0,1,0.525,5
9,5,4.3,4.6,10,5,"High","High","Poor",1,1,0.779166666666667,5
9,2,4,4.9,10,5,"Low","High","Poor",0,1,0.586666666666667,5
8,3,3.3,4.2,10,5,"Medium","High","Poor",0,1,0.584166666666667,5
8.2,2,3,3.9,10,4,"Low","High","Poor",0,1,0.518333333333333,4
6.6,2,3.5,3,10,4,"Low","Medium","Poor",0,1,0.485833333333333,4
9.1,3,2.5,3.1,10,4,"Medium","High","Poor",0,1,0.5875,4
6.9,2,2.2,3.1,10,5,"Low","Medium","Poor",0,1,0.441666666666667,5
11.6,1,5.8,5.2,10,5,"Low","High","Poor",0,1,0.688333333333333,5
7.5,2,3.1,4.1,9,5,"Low","Medium","Poor",0,1,0.499166666666667,6
9.1,5,2.4,5.2,10,4,"High","High","Poor",1,1,0.703333333333333,4
9.8,3,3.8,4.9,10,5,"Medium","High","Poor",0,1,0.665,5
6.1,1,1.5,3.1,10,5,"Low","Medium","Poor",0,1,0.325833333333333,5
6.9,1,3,4.2,10,5,"Low","Medium","Poor",0,1,0.415,5
10.9,1,5.3,3,10,4,"Low","High","Poor",0,1,0.644166666666667,4
4.4,5,2.5,3.7,8,5,"High","Medium","Poor",0,1,0.550833333333333,7
10.5,4,4.6,4.7,10,5,"High","High","Poor",1,1,0.781666666666667,5
9.6,2,4.9,6.8,8,5,"Low","High","Adequate",0,1,0.644166666666667,7
5.6,1,2.7,4,8,5,"Low","Medium","Poor",0,1,0.359166666666667,7
7.1,4,2.4,4.1,10,5,"High","Medium","Poor",1,1,0.576666666666667,5
8.4,2,4.5,3.2,10,5,"Low","High","Poor",0,1,0.5875,5
9.4,5,5.4,6.4,10,5,"High","High","Adequate",1,1,0.838333333333333,5
7.8,4,4.6,5,10,5,"High","Medium","Poor",1,1,0.691666666666667,5
10.3,2,5.5,3.8,10,5,"Low","High","Poor",0,1,0.6925,5
7.2,2,2.3,3,10,5,"Low","Medium","Poor",0,1,0.455833333333333,5
7.7,2,2.7,3.9,10,5,"Low","Medium","Poor",0,1,0.489166666666667,5
7.5,2,3.9,5,8,5,"Low","Medium","Poor",0,1,0.5325,7
9.3,2,5.4,6.5,9,4,"Low","High","Adequate",0,1,0.655,5
3.7,5,1.1,3,9,5,"High","Low","Poor",0,1,0.469166666666667,6
5.5,2,3.3,4.1,8,5,"Low","Medium","Poor",0,1,0.440833333333333,7
5.9,4,2.9,3,10,5,"High","Medium","Poor",0,1,0.5575,5
7.8,5,4.5,4.6,10,5,"High","Medium","Poor",1,1,0.7475,5
6.4,4,3.6,4.6,8,5,"High","Medium","Poor",1,1,0.603333333333333,7
9.7,3,4,3.6,10,4,"Medium","High","Poor",0,1,0.67,4
10.8,5,3.4,5.1,10,5,"High","High","Poor",1,1,0.801666666666667,5
9.6,2,4.5,5.2,10,5,"Low","High","Poor",0,1,0.6275,5
7.2,1,2.9,3.8,10,5,"Low","Medium","Poor",0,1,0.420833333333333,5
7.4,3,4,3.8,10,5,"Medium","Medium","Poor",0,1,0.593333333333333,5
9.8,2,5.1,4.7,10,5,"Low","High","Poor",0,1,0.659166666666667,5
9.8,5,5.7,5.5,9,4,"High","High","Poor",1,1,0.864166666666667,5
8.1,5,2.2,3,9,4,"High","High","Poor",1,1,0.661666666666667,5
8.5,3,2.4,3.1,10,5,"Medium","High","Poor",0,1,0.563333333333333,5
9.2,5,2.3,4.2,9,4,"High","High","Poor",1,1,0.7025,5
8,5,4.3,4.1,10,5,"High","High","Poor",1,1,0.745833333333333,5
6.1,5,2.6,3.7,9,5,"High","Medium","Poor",1,1,0.611666666666667,6
12,3,7,6.6,10,5,"Medium","High","Adequate",0,1,0.871666666666667,5
6.8,4,1.6,3,9,5,"High","Medium","Poor",1,1,0.533333333333333,6
9.9,4,4.8,4.8,10,5,"High","High","Poor",1,1,0.77,5
5.9,1,3.1,4.4,10,5,"Low","Medium","Poor",0,1,0.385833333333333,5
7.7,4,3,3.5,10,4,"High","Medium","Poor",1,1,0.621666666666667,4
6.7,4,1.7,3,10,5,"High","Medium","Poor",1,1,0.534166666666667,5
6.8,2,3.9,4.5,10,5,"Low","Medium","Poor",0,1,0.509166666666667,5
5.7,3,3.1,3.9,10,5,"Medium","Medium","Poor",0,1,0.499166666666667,5
7.2,4,2.5,5,8,5,"High","Medium","Poor",1,1,0.584166666666667,7
6.9,2,4.1,3.1,10,4,"Low","Medium","Poor",0,1,0.520833333333333,4
7.4,4,3.4,5.3,9,5,"High","Medium","Poor",1,1,0.628333333333333,6
6.1,4,2.4,3,8,5,"High","Medium","Poor",1,1,0.543333333333333,7
9.5,1,3.8,3.8,10,5,"Low","High","Poor",0,1,0.535,5
10,1,5,5.4,8,5,"Low","High","Poor",0,1,0.601666666666667,7
6.6,3,3.4,3.7,10,5,"Medium","Medium","Poor",0,1,0.541666666666667,5
5,2,1.8,3,10,5,"Low","Medium","Poor",0,1,0.361666666666667,5
8.4,3,4.9,3.8,10,4,"Medium","High","Poor",0,1,0.664166666666667,4
7.9,4,3.6,4.2,10,4,"High","Medium","Poor",1,1,0.653333333333333,4
6.5,2,2.7,4.3,8,5,"Low","Medium","Poor",0,1,0.449166666666667,7
9.9,3,5.4,3,10,5,"Medium","High","Poor",0,1,0.735,5
5.8,1,3.4,4.4,10,5,"Low","Medium","Poor",0,1,0.395,5
6.3,2,3.2,4.2,10,5,"Low","Medium","Poor",0,1,0.463333333333333,5
8,1,4.6,4.8,10,4,"Low","High","Poor",0,1,0.518333333333333,4
11.7,1,6,6.6,10,5,"Low","High","Adequate",0,1,0.7,5
7.5,4,4.2,4.2,10,5,"High","Medium","Poor",1,1,0.665,5
7.6,1,4.4,5,9,5,"Low","Medium","Poor",0,1,0.496666666666667,6
5.3,5,2.5,3,9,5,"High","Medium","Poor",0,1,0.580833333333333,6
6.8,5,3.9,4.7,10,5,"High","Medium","Poor",1,1,0.689166666666667,5
9,5,2.7,4.8,9,5,"High","High","Poor",1,1,0.7125,6
11.1,2,4.7,5.6,10,4,"Low","High","Poor",0,1,0.685833333333333,4
5.2,2,2,3,10,5,"Low","Medium","Poor",0,1,0.376666666666667,5
8.1,4,2.6,4.3,9,5,"High","High","Poor",1,1,0.618333333333333,6
5.9,4,3.1,4.5,10,5,"High","Medium","Poor",0,1,0.565833333333333,5
7.7,5,3.2,4.5,10,5,"High","Medium","Poor",1,1,0.69,5
7.9,2,4.5,4.4,10,5,"Low","Medium","Poor",0,1,0.570833333333333,5
11.8,2,6.2,5.8,10,5,"Low","High","Poor",0,1,0.771666666666667,5
6.9,1,2.9,3,10,4,"Low","Medium","Poor",0,1,0.410833333333333,4
9.3,2,5,5.1,10,5,"Low","High","Poor",0,1,0.638333333333333,5
8,1,1.7,3.1,10,5,"Low","High","Poor",0,1,0.3975,5
7.6,5,2.9,4.3,8,5,"High","Medium","Poor",1,1,0.674166666666667,7
9.2,3,3.1,3.7,10,5,"Medium","High","Poor",0,1,0.615833333333333,5
4.8,1,2.7,3.3,10,5,"Low","Medium","Poor",0,1,0.3325,5
7.2,2,3.1,4.8,10,5,"Low","Medium","Poor",0,1,0.489166666666667,5
8.1,4,2.8,5.4,10,4,"High","High","Poor",1,1,0.626666666666667,4
7.1,1,4.1,3.8,10,5,"Low","Medium","Poor",0,1,0.4675,5
5.9,2,2.2,5.6,8,5,"Low","Medium","Poor",0,1,0.408333333333333,7
8.5,5,2.8,4.2,8,5,"High","High","Poor",1,1,0.7,7
8,5,3.7,5.4,8,5,"High","High","Poor",1,1,0.720833333333333,7
8.9,5,2.9,3.6,10,4,"High","High","Poor",1,1,0.7175,4
6.7,1,3.6,4.6,8,5,"Low","Medium","Poor",0,1,0.433333333333333,7
7,1,4.1,3,10,5,"Low","Medium","Poor",0,1,0.464166666666667,5
5.6,2,2.8,3,10,5,"Low","Medium","Poor",0,1,0.423333333333333,5
9.8,5,5.2,3.3,10,3,"High","High","Poor",1,1,0.843333333333333,3
8,2,2.6,5,9,5,"Low","High","Poor",0,1,0.495,6
8.3,1,4.8,3.6,10,4,"Low","High","Poor",0,1,0.536666666666667,4
5.3,5,1.5,3.5,10,5,"High","Medium","Poor",0,1,0.539166666666667,5
10.4,3,3.6,4.3,10,5,"Medium","High","Poor",0,1,0.676666666666667,5
10.9,5,6.3,4.5,10,5,"High","High","Poor",1,1,0.925833333333333,5
9.2,1,4.4,4.5,10,5,"Low","High","Poor",0,1,0.55,5
10.3,5,5.1,3.7,10,5,"High","High","Poor",1,1,0.855833333333333,5
8.1,1,3.8,3.5,10,5,"Low","High","Poor",0,1,0.488333333333333,5
8,3,2.1,4.3,9,5,"Medium","High","Poor",0,1,0.534166666666667,6
9.7,2,2.8,4.1,10,4,"Low","High","Poor",0,1,0.56,4
7.8,5,4.5,3.7,10,5,"High","Medium","Poor",1,1,0.7475,5
7.4,1,3.2,4.2,9,5,"Low","Medium","Poor",0,1,0.44,6
12,3,6.1,6.5,10,5,"Medium","High","Adequate",0,1,0.834166666666667,5
6.7,2,3.7,4.1,10,5,"Low","Medium","Poor",0,1,0.4975,5
8.4,2,4.2,3.9,10,5,"Low","High","Poor",0,1,0.575,5
9.5,3,4.4,4.3,10,5,"Medium","High","Poor",0,1,0.68,5
8.4,5,2.4,5.6,9,5,"High","High","Poor",1,1,0.68,6
7,1,2.5,4.3,9,5,"Low","Medium","Poor",0,1,0.3975,6
8.7,3,2.3,3.3,10,5,"Medium","High","Poor",0,1,0.565833333333333,5
9.4,2,5.2,5.5,10,5,"Low","High","Poor",0,1,0.65,5
7.1,1,1.5,3.8,10,5,"Low","Medium","Poor",0,1,0.359166666666667,5
6.7,2,1.4,3.6,8,4,"Low","Medium","Poor",0,1,0.401666666666667,6
4.8,5,1.8,4.1,9,5,"High","Medium","Poor",0,1,0.535,6
9.4,3,5.1,5.6,10,5,"Medium","High","Poor",0,1,0.705833333333333,5
6.6,4,3.5,4.3,8,5,"High","Medium","Poor",1,1,0.605833333333333,7
10.7,5,6,5,10,5,"High","High","Poor",1,1,0.906666666666667,5
10.7,2,4.2,6.5,9,5,"Low","High","Adequate",0,1,0.651666666666667,6
8.2,3,4.7,6.1,9,5,"Medium","High","Adequate",0,1,0.649166666666667,6
12,1,4.7,6.2,10,5,"Low","High","Adequate",0,1,0.655833333333333,5
10.2,2,6.1,4.9,10,5,"Low","High","Poor",0,1,0.714166666666667,5
8.4,3,3.8,3,9,4,"Medium","High","Poor",0,1,0.618333333333333,5
10.7,3,4.4,4.2,10,4,"Medium","High","Poor",0,1,0.72,4
9.9,3,2.8,3.4,10,4,"Medium","High","Poor",0,1,0.626666666666667,4
8.6,3,5.1,4.7,10,5,"Medium","High","Poor",0,1,0.679166666666667,5
9.2,1,2.2,4.5,10,4,"Low","High","Poor",0,1,0.458333333333333,4
6.7,2,2.1,5.1,10,5,"Low","Medium","Poor",0,1,0.430833333333333,5
7.6,3,3.9,3.1,10,4,"Medium","Medium","Poor",0,1,0.595833333333333,4
11.3,1,6.1,7.1,8,5,"Low","High","Adequate",0,1,0.690833333333333,7
8.9,5,4.5,3.6,10,5,"High","High","Poor",1,1,0.784166666666667,5
10.3,5,3.9,5.2,10,5,"High","High","Poor",1,1,0.805833333333333,5
7.6,4,2,4.6,9,5,"High","Medium","Poor",1,1,0.576666666666667,6
7.6,3,3.7,3,8,4,"Medium","Medium","Poor",0,1,0.5875,6
7.3,4,4.2,4.6,10,4,"High","Medium","Poor",1,1,0.658333333333333,4
7.3,1,3.8,3.8,10,5,"Low","Medium","Poor",0,1,0.461666666666667,5
10.9,3,4.3,5.8,10,5,"Medium","High","Poor",0,1,0.7225,5
8.6,1,3.7,3.1,10,3,"Low","High","Poor",0,1,0.500833333333333,3
9.3,2,1.9,4.5,9,5,"Low","High","Poor",0,1,0.509166666666667,6
8.3,3,3.9,3,10,3,"Medium","High","Poor",0,1,0.619166666666667,3
5.6,2,2.7,4.2,9,5,"Low","Medium","Poor",0,1,0.419166666666667,6
9.6,4,5.6,5.2,9,5,"High","High","Poor",1,1,0.793333333333333,6
10,3,5.9,4.6,10,3,"Medium","High","Poor",0,1,0.759166666666667,3
6.1,2,2.9,3.2,10,5,"Low","Medium","Poor",0,1,0.444166666666667,5
7.4,3,2.5,5,8,5,"Medium","Medium","Poor",0,1,0.530833333333333,7
6.7,4,1.9,3.6,8,4,"High","Medium","Poor",1,1,0.5425,6
9.4,3,5,4.6,10,5,"Medium","High","Poor",0,1,0.701666666666667,5
6.3,4,2.7,5,9,5,"High","Medium","Poor",1,1,0.5625,6
8.4,5,3.4,4.9,9,5,"High","High","Poor",1,1,0.721666666666667,6
10.1,2,5.2,4.8,10,5,"Low","High","Poor",0,1,0.673333333333333,5
6.9,4,1.7,3.8,10,4,"High","Medium","Poor",1,1,0.540833333333333,4
10.6,4,5.6,5.5,10,5,"High","High","Poor",1,1,0.826666666666667,5
10.1,2,5.9,5.7,10,4,"Low","High","Poor",0,1,0.7025,4
10.8,2,5.4,4.8,10,3,"Low","High","Poor",0,1,0.705,3
7.2,4,2.4,4.6,9,4,"High","Medium","Poor",1,1,0.58,5
9.6,4,2,4,9,4,"High","High","Poor",1,1,0.643333333333333,5
10,4,5.1,5.2,10,5,"High","High","Poor",1,1,0.785833333333333,5
8.7,5,5.1,4.4,10,4,"High","High","Poor",1,1,0.8025,4
8.9,2,4.9,4.6,10,5,"Low","High","Poor",0,1,0.620833333333333,5
6.1,2,3.3,4.4,10,5,"Low","Medium","Poor",0,1,0.460833333333333,5
10.8,3,5.1,5.8,10,4,"Medium","High","Poor",0,1,0.7525,4
6.3,3,1.8,3,10,3,"Medium","Medium","Poor",0,1,0.465,3
10.7,5,5.8,5.8,10,5,"High","High","Poor",1,1,0.898333333333333,5
6.1,2,3.5,3,10,4,"Low","Medium","Poor",0,1,0.469166666666667,4
7.9,1,3.6,6.1,9,5,"Low","Medium","Adequate",0,1,0.473333333333333,6
6.5,5,2.4,3,9,4,"High","Medium","Poor",1,1,0.616666666666667,5
7.7,5,1.9,3.8,9,4,"High","Medium","Poor",1,1,0.635833333333333,5
9.9,4,2.8,4.4,9,5,"High","High","Poor",1,1,0.686666666666667,6
8,1,2,3.8,10,5,"Low","High","Poor",0,1,0.41,5
10.7,2,5.3,5.8,10,5,"Low","High","Poor",0,1,0.6975,5
6.2,1,2.5,3,10,4,"Low","Medium","Poor",0,1,0.370833333333333,4
9.2,3,5.3,3.7,10,5,"Medium","High","Poor",0,1,0.7075,5
8.2,4,4,4.3,9,5,"High","High","Poor",1,1,0.68,6
11.2,4,4,6.1,9,5,"High","High","Adequate",1,1,0.78,6
10.8,4,3.2,5.8,9,5,"High","High","Poor",1,1,0.733333333333333,6
8.6,5,3.2,4.7,10,5,"High","High","Poor",1,1,0.72,5
9.6,2,4.9,4.2,10,5,"Low","High","Poor",0,1,0.644166666666667,5
6.3,5,2.9,4.8,9,5,"High","Medium","Poor",1,1,0.630833333333333,6
8.3,1,2.2,4.5,9,5,"Low","High","Poor",0,1,0.428333333333333,6
8.7,4,3.3,3,10,5,"High","High","Poor",1,1,0.6675,5
10.4,3,2.7,4,9,5,"Medium","High","Poor",0,1,0.639166666666667,6
9.5,4,5.6,4.8,10,4,"High","High","Poor",1,1,0.79,4
5.2,1,1.9,3,9,5,"Low","Medium","Poor",0,1,0.3125,6
11.2,2,2.3,4.1,10,5,"Low","High","Poor",0,1,0.589166666666667,5
9.3,4,5.3,4.6,10,5,"High","High","Poor",1,1,0.770833333333333,5
9.4,5,4.9,5.1,10,5,"High","High","Poor",1,1,0.8175,5
8.4,4,4.2,4.3,10,5,"High","High","Poor",1,1,0.695,5
7,2,1.7,4,8,5,"Low","Medium","Poor",0,1,0.424166666666667,7
7.1,4,3.4,3.8,10,5,"High","Medium","Poor",1,1,0.618333333333333,5
6.6,2,3.1,5.7,9,5,"Low","Medium","Poor",0,1,0.469166666666667,6
10.5,3,3.7,5.4,10,5,"Medium","High","Poor",0,1,0.684166666666667,5
8,2,3.7,3,10,4,"Low","High","Poor",0,1,0.540833333333333,4
6.6,2,3.6,4,9,5,"Low","Medium","Poor",0,1,0.49,6
11.4,5,2.9,4.4,10,3,"High","High","Poor",1,1,0.800833333333333,3
10.3,1,4.5,4.8,10,5,"Low","High","Poor",0,1,0.590833333333333,5
9.6,4,4.6,4.2,10,5,"High","High","Poor",1,1,0.751666666666667,5
7.5,1,4.4,3.3,10,4,"Low","Medium","Poor",0,1,0.493333333333333,4
7.3,3,3.4,3.1,10,5,"Medium","Medium","Poor",0,1,0.565,5
6.7,1,3.6,4.7,9,5,"Low","Medium","Poor",0,1,0.433333333333333,6
10.2,3,2.8,3.8,10,4,"Medium","High","Poor",0,1,0.636666666666667,4
8.5,1,3.8,3.5,10,5,"Low","High","Poor",0,1,0.501666666666667,5
7.9,3,3.7,4.6,10,4,"Medium","Medium","Poor",0,1,0.5975,4
7.7,3,4.4,3.7,10,5,"Medium","Medium","Poor",0,1,0.62,5
7.6,2,4.3,4,10,4,"Low","Medium","Poor",0,1,0.5525,4
6.4,4,3.7,6,9,5,"High","Medium","Adequate",1,1,0.6075,6
10.8,2,5,3.6,10,5,"Low","High","Poor",0,1,0.688333333333333,5
6.6,5,3.4,3.7,10,4,"High","Medium","Poor",1,1,0.661666666666667,4
6,2,2.5,3.5,10,5,"Low","Medium","Poor",0,1,0.424166666666667,5
9.9,4,5.2,5.4,10,5,"High","High","Poor",1,1,0.786666666666667,5
9.8,5,4.7,3.2,10,4,"High","High","Poor",1,1,0.8225,4
8.8,1,4.1,3,10,5,"Low","High","Poor",0,1,0.524166666666667,5
7.4,3,1.9,3,10,4,"Medium","Medium","Poor",0,1,0.505833333333333,4
7,1,1.6,3,9,5,"Low","Medium","Poor",0,1,0.36,6
7.8,1,2.4,3.7,9,5,"Low","Medium","Poor",0,1,0.42,6
8.4,3,3,4.2,10,5,"Medium","High","Poor",0,1,0.585,5
8.7,5,4,5.3,10,5,"High","High","Poor",1,1,0.756666666666667,5
11.9,4,6.4,6.1,10,5,"High","High","Adequate",1,1,0.903333333333333,5
10.7,4,5.2,4.6,10,4,"High","High","Poor",1,1,0.813333333333333,4
10.3,2,4.8,6.8,8,5,"Low","High","Adequate",0,1,0.663333333333333,7
9.6,1,5.7,5.3,10,4,"Low","High","Poor",0,1,0.6175,4
7.5,2,3.4,3.3,10,5,"Low","Medium","Poor",0,1,0.511666666666667,5
9.7,2,5.7,5.2,10,5,"Low","High","Poor",0,1,0.680833333333333,5
9.2,4,5.3,3,10,3,"High","High","Poor",1,1,0.7675,3
7.3,4,3.9,3.4,10,5,"High","Medium","Poor",1,1,0.645833333333333,5
4,4,1.4,4,9,5,"High","Medium","Poor",0,1,0.431666666666667,6
9.3,2,5.4,5.6,10,5,"Low","High","Poor",0,1,0.655,5
8.1,1,4.3,4.9,9,5,"Low","High","Poor",0,1,0.509166666666667,6
11,5,5.2,6,10,5,"High","High","Adequate",1,1,0.883333333333333,5
9.2,2,4.6,5.5,10,5,"Low","High","Poor",0,1,0.618333333333333,5
8.7,1,4.9,5.6,9,5,"Low","High","Poor",0,1,0.554166666666667,6
8.2,1,4.8,3.9,10,5,"Low","High","Poor",0,1,0.533333333333333,5
5.6,1,1.8,4.1,9,5,"Low","Medium","Poor",0,1,0.321666666666667,6
7.3,5,2.4,4.3,10,5,"High","Medium","Poor",1,1,0.643333333333333,5
3.2,4,1.7,3.9,8,4,"High","Low","Poor",0,1,0.4175,6
9.5,3,5.1,4.5,10,5,"Medium","High","Poor",0,1,0.709166666666667,5
8.9,1,2.8,3,10,4,"Low","High","Poor",0,1,0.473333333333333,4
5,5,2.6,4.1,9,5,"High","Medium","Poor",0,1,0.575,6
8,1,3.8,3.8,10,5,"Low","High","Poor",0,1,0.485,5
9.2,3,3.8,3.5,10,5,"Medium","High","Poor",0,1,0.645,5
10.8,5,6.2,5.5,10,5,"High","High","Poor",1,1,0.918333333333333,5
5.9,1,2.8,4.6,9,5,"Low","Medium","Poor",0,1,0.373333333333333,6
7.9,5,2.6,4,9,4,"High","Medium","Poor",1,1,0.671666666666667,5
8,3,3.9,5.2,10,5,"Medium","High","Poor",0,1,0.609166666666667,5
9.8,1,5.1,3.2,10,4,"Low","High","Poor",0,1,0.599166666666667,4
3.8,3,0.9,3,9,5,"Medium","Low","Poor",0,1,0.344166666666667,6
8.5,4,4.4,6,10,5,"High","High","Adequate",1,1,0.706666666666667,5
9.7,5,4.8,5.4,10,5,"High","High","Poor",1,1,0.823333333333333,5
8.8,3,4.5,5.7,10,5,"Medium","High","Poor",0,1,0.660833333333333,5
6.6,3,2.2,5.1,8,5,"Medium","Medium","Poor",0,1,0.491666666666667,7
7.7,2,3.7,5.1,8,5,"Low","Medium","Poor",0,1,0.530833333333333,7
8,1,3.4,4.7,10,5,"Low","High","Poor",0,1,0.468333333333333,5
8.4,5,4.1,5.8,8,5,"High","High","Poor",1,1,0.750833333333333,7
7.6,4,3,3,10,5,"High","Medium","Poor",1,1,0.618333333333333,5
8,3,4.2,3,10,5,"Medium","High","Poor",0,1,0.621666666666667,5
4.2,1,2,3.8,9,5,"Low","Medium","Poor",0,1,0.283333333333333,6
7.5,1,3.6,3.5,9,4,"Low","Medium","Poor",0,1,0.46,5
7.3,3,2,4.5,9,5,"Medium","Medium","Poor",0,1,0.506666666666667,6
8.3,4,3.9,4.6,10,5,"High","High","Poor",1,1,0.679166666666667,5
8.7,2,3.5,5.6,10,5,"Low","High","Poor",0,1,0.555833333333333,5
11.7,4,6.8,4.5,10,4,"High","High","Poor",1,1,0.913333333333333,4
6.5,3,3.3,4.8,9,5,"Medium","Medium","Poor",0,1,0.534166666666667,6
8.9,5,5.2,4.5,10,4,"High","High","Poor",1,1,0.813333333333333,4
9.2,2,4.3,5.5,10,5,"Low","High","Poor",0,1,0.605833333333333,5
7.2,5,3.9,4.3,10,5,"High","Medium","Poor",1,1,0.7025,5
8.2,3,2.3,6.1,8,5,"Medium","High","Adequate",0,1,0.549166666666667,7
10.2,1,4.2,5,10,5,"Low","High","Poor",0,1,0.575,5
5.7,1,1.5,5.1,8,5,"Low","Medium","Poor",0,1,0.3125,7
3.8,1,2.3,4.1,8,5,"Low","Low","Poor",0,1,0.2825,7
7.6,1,1.9,3.4,10,5,"Low","Medium","Poor",0,1,0.3925,5
9,1,3.6,3.7,10,5,"Low","High","Poor",0,1,0.51,5
7.5,4,3.2,4.6,8,5,"High","Medium","Poor",1,1,0.623333333333333,7
5.7,5,2.3,3.9,9,5,"High","Medium","Poor",0,1,0.585833333333333,6
9.3,5,4.1,6.4,8,5,"High","High","Adequate",1,1,0.780833333333333,7
6.3,3,3.6,5.9,8,5,"Medium","Medium","Poor",0,1,0.54,7
7.9,3,4.4,3.9,10,3,"Medium","Medium","Poor",0,1,0.626666666666667,3
8.5,5,4.1,4.2,9,5,"High","High","Poor",1,1,0.754166666666667,6
9.4,5,4.4,4.2,10,5,"High","High","Poor",1,1,0.796666666666667,5
10.2,4,4.9,4.4,10,5,"High","High","Poor",1,1,0.784166666666667,5
9,1,5.3,3.3,10,4,"Low","High","Poor",0,1,0.580833333333333,4
6.5,1,3.3,3.9,10,5,"Low","Medium","Poor",0,1,0.414166666666667,5
8.2,3,2.2,4.2,9,5,"Medium","High","Poor",0,1,0.545,6
10.5,1,3.5,3.2,10,4,"Low","High","Poor",0,1,0.555833333333333,4
10.3,1,5.3,4.3,10,5,"Low","High","Poor",0,1,0.624166666666667,5
9.6,4,5.5,3.9,10,5,"High","High","Poor",1,1,0.789166666666667,5
8.9,1,2.9,3.6,10,4,"Low","High","Poor",0,1,0.4775,4
9.4,5,3.1,3.2,10,5,"High","High","Poor",1,1,0.7425,5
6.1,1,2.5,4.1,10,5,"Low","Medium","Poor",0,1,0.3675,5
5.8,3,1.6,4.1,8,5,"Medium","Medium","Poor",0,1,0.44,7
10.5,2,3.4,3,10,2,"Low","High","Poor",0,1,0.611666666666667,2
5.4,2,3.1,3.1,10,5,"Low","Medium","Poor",0,1,0.429166666666667,5
8,1,2.3,3.4,9,5,"Low","High","Poor",0,1,0.4225,6
8.8,3,4.9,5.1,9,5,"Medium","High","Poor",0,1,0.6775,6
11.7,4,3.4,4.5,10,5,"High","High","Poor",1,1,0.771666666666667,5
7.1,2,3.8,3.2,10,4,"Low","Medium","Poor",0,1,0.515,4
6.4,1,3.6,3.8,10,5,"Low","Medium","Poor",0,1,0.423333333333333,5
9.5,1,5.2,5.6,9,5,"Low","High","Poor",0,1,0.593333333333333,6
10.4,1,5.9,4.1,10,4,"Low","High","Poor",0,1,0.6525,4
9.2,5,3.5,3.6,10,5,"High","High","Poor",1,1,0.7525,5
7.3,1,2.6,4.5,8,4,"Low","Medium","Poor",0,1,0.411666666666667,6
9.3,1,5.4,4.6,10,5,"Low","High","Poor",0,1,0.595,5
8.6,5,4.1,4.4,10,4,"High","High","Poor",1,1,0.7575,4
5.5,3,2.4,4.9,9,5,"Medium","Medium","Poor",0,1,0.463333333333333,6
8.1,3,4.3,4.7,10,5,"Medium","High","Poor",0,1,0.629166666666667,5
9.9,5,5.9,4.2,10,5,"High","High","Poor",1,1,0.875833333333333,5
8.6,2,4.4,5,10,5,"Low","High","Poor",0,1,0.59,5
8.8,1,4.5,3.2,10,4,"Low","High","Poor",0,1,0.540833333333333,4
5.7,3,1.5,3.3,8,5,"Medium","Medium","Poor",0,1,0.4325,7
8.1,1,2.5,5.4,8,5,"Low","High","Poor",0,1,0.434166666666667,7
9.9,2,4.3,4.2,10,4,"Low","High","Poor",0,1,0.629166666666667,4
9,1,4.4,5.4,9,5,"Low","High","Poor",0,1,0.543333333333333,6
10.3,3,4.4,5.8,9,5,"Medium","High","Poor",0,1,0.706666666666667,6
7.3,3,4.3,3,10,5,"Medium","Medium","Poor",0,1,0.6025,5
7.4,2,3.9,3.4,10,2,"Low","Medium","Poor",0,1,0.529166666666667,2
9.2,4,5.4,3.1,10,4,"High","High","Poor",1,1,0.771666666666667,4
7.8,1,3.2,4.6,10,5,"Low","Medium","Poor",0,1,0.453333333333333,5
10.8,1,3.4,4.1,10,4,"Low","High","Poor",0,1,0.561666666666667,4
7.7,4,3.9,3.5,10,5,"High","Medium","Poor",1,1,0.659166666666667,5
7.4,1,4.3,4.2,10,5,"Low","Medium","Poor",0,1,0.485833333333333,5
8.5,1,2.4,4.4,9,5,"Low","High","Poor",0,1,0.443333333333333,6
9.2,3,3.6,4.3,10,5,"Medium","High","Poor",0,1,0.636666666666667,5
4.8,2,1.5,3.5,9,5,"Low","Medium","Poor",0,1,0.3425,6
9.3,1,4.2,4.8,10,4,"Low","High","Poor",0,1,0.545,4
6,5,2.6,4.1,10,5,"High","Medium","Poor",0,1,0.608333333333333,5
5,4,2.6,3.8,10,5,"High","Medium","Poor",0,1,0.515,5
11.8,3,6.1,6.7,10,5,"Medium","High","Adequate",0,1,0.8275,5
8.4,5,3.7,3,10,4,"High","High","Poor",1,1,0.734166666666667,4
7.8,4,4,4.3,10,4,"High","Medium","Poor",1,1,0.666666666666667,4
8.3,5,3.8,6.1,9,5,"High","High","Adequate",1,1,0.735,6
7.5,4,3.3,4.5,10,4,"High","Medium","Poor",1,1,0.6275,4
11.2,3,3.7,5.1,10,5,"Medium","High","Poor",0,1,0.7075,5
9,1,5.2,5.3,9,5,"Low","High","Poor",0,1,0.576666666666667,6
8.2,5,3.4,3.3,9,5,"High","High","Poor",1,1,0.715,6
5.4,5,1.9,5.1,8,5,"High","Medium","Poor",0,1,0.559166666666667,7
7.7,1,4,4.7,9,5,"Low","Medium","Poor",0,1,0.483333333333333,6
7.2,1,3.5,4,10,5,"Low","Medium","Poor",0,1,0.445833333333333,5
10.1,3,3.8,5.7,10,5,"Medium","High","Poor",0,1,0.675,5
6.6,5,1.8,4.3,10,4,"High","Medium","Poor",1,1,0.595,4
10.7,2,5.1,5.1,10,5,"Low","High","Poor",0,1,0.689166666666667,5
4.1,5,2.2,4.1,9,5,"High","Medium","Poor",0,1,0.528333333333333,6
10.3,5,3.7,4.9,10,5,"High","High","Poor",1,1,0.7975,5
7.7,3,4.3,3.2,10,5,"Medium","Medium","Poor",0,1,0.615833333333333,5
10.5,1,5.5,4.6,10,5,"Low","High","Poor",0,1,0.639166666666667,5
3.5,1,1.5,3.1,8,5,"Low","Low","Poor",0,1,0.239166666666667,7
8.1,2,1.8,4,9,5,"Low","High","Poor",0,1,0.465,6
9.1,4,4.9,4.3,10,5,"High","High","Poor",1,1,0.7475,5
10.2,3,4.4,5,10,5,"Medium","High","Poor",0,1,0.703333333333333,5
7.2,1,3.7,4.1,10,5,"Low","Medium","Poor",0,1,0.454166666666667,5
8.7,3,3,4.9,10,5,"Medium","High","Poor",0,1,0.595,5
6,5,1.9,3.2,10,5,"High","Medium","Poor",0,1,0.579166666666667,5
7.1,2,1.9,5.3,9,5,"Low","Medium","Poor",0,1,0.435833333333333,6
9.8,5,4.7,4.9,10,5,"High","High","Poor",1,1,0.8225,5
7.1,1,4,4.8,9,5,"Low","Medium","Poor",0,1,0.463333333333333,6
7.6,2,3.8,3.4,10,5,"Low","Medium","Poor",0,1,0.531666666666667,5
7.5,5,2.5,3.6,10,5,"High","Medium","Poor",1,1,0.654166666666667,5
8.1,4,1.7,4.2,8,4,"High","High","Poor",1,1,0.580833333333333,6
10.9,3,5.8,4.7,10,5,"Medium","High","Poor",0,1,0.785,5
6.8,4,3.5,3.3,10,5,"High","Medium","Poor",1,1,0.6125,5
10.7,3,5.3,4.7,10,3,"Medium","High","Poor",0,1,0.7575,3
9.2,4,2.9,4.7,10,5,"High","High","Poor",1,1,0.6675,5
10.1,3,5.7,4.4,10,4,"Medium","High","Poor",0,1,0.754166666666667,4
8.9,1,3.2,4.5,10,5,"Low","High","Poor",0,1,0.49,5
11.2,4,5.5,5,10,4,"High","High","Poor",1,1,0.8425,4
8.6,3,4.2,4.9,10,5,"Medium","High","Poor",0,1,0.641666666666667,5
9.2,1,5.3,3,10,4,"Low","High","Poor",0,1,0.5875,4
9.8,5,3.1,3,10,4,"High","High","Poor",1,1,0.755833333333333,4
7.1,1,3.3,3,10,4,"Low","Medium","Poor",0,1,0.434166666666667,4
8.2,3,3.2,3.8,10,5,"Medium","High","Poor",0,1,0.586666666666667,5
9.2,4,3.3,4.8,9,5,"High","High","Poor",1,1,0.684166666666667,6
8,5,3.5,5.4,9,4,"High","High","Poor",1,1,0.7125,5
9.7,3,2.4,4.6,10,4,"Medium","High","Poor",0,1,0.603333333333333,4
9,5,2.5,3.6,9,5,"High","High","Poor",1,1,0.704166666666667,6
9.4,3,1.9,4.9,9,5,"Medium","High","Poor",0,1,0.5725,6
11.3,2,5.8,6.1,10,5,"Low","High","Adequate",0,1,0.738333333333333,5
11.7,5,2.9,4.9,10,5,"High","High","Poor",1,1,0.810833333333333,5
11,4,5.8,5.8,10,4,"High","High","Poor",1,1,0.848333333333333,4
7.5,2,4.4,3,10,5,"Low","Medium","Poor",0,1,0.553333333333333,5
6.3,2,2.2,3.2,10,4,"Low","Medium","Poor",0,1,0.421666666666667,4
11.2,4,5.6,6,8,5,"High","High","Adequate",1,1,0.846666666666667,7
7,5,3.8,3,10,5,"High","Medium","Poor",1,1,0.691666666666667,5
7.4,5,3.9,3.7,10,5,"High","Medium","Poor",1,1,0.709166666666667,5
10.5,5,5.8,5,10,5,"High","High","Poor",1,1,0.891666666666667,5
10.1,4,2.2,5.3,10,5,"High","High","Poor",1,1,0.668333333333333,5
10.9,2,5.6,3.6,10,5,"Low","High","Poor",0,1,0.716666666666667,5
7.8,4,3.8,4.6,10,5,"High","Medium","Poor",1,1,0.658333333333333,5
7.3,5,2.2,3.1,10,5,"High","Medium","Poor",1,1,0.635,5
9.8,4,3.7,5.4,10,5,"High","High","Poor",1,1,0.720833333333333,5
7,4,2.6,4.9,8,5,"High","Medium","Poor",1,1,0.581666666666667,7
9.2,4,5.4,5.3,10,4,"High","High","Poor",1,1,0.771666666666667,4
7,1,3.7,4.9,10,5,"Low","Medium","Poor",0,1,0.4475,5
10.8,3,4.2,4.5,10,5,"Medium","High","Poor",0,1,0.715,5
7.5,3,4,3.1,10,4,"Medium","Medium","Poor",0,1,0.596666666666667,4
9.2,1,3.9,4.7,9,5,"Low","High","Poor",0,1,0.529166666666667,6
4.8,2,2.1,3.7,8,4,"Low","Medium","Poor",0,1,0.3675,6
8.6,5,3.5,5.2,8,5,"High","High","Poor",1,1,0.7325,7
9.5,5,5.3,3,10,4,"High","High","Poor",1,1,0.8375,4
9.9,5,3.2,4.5,9,5,"High","High","Poor",1,1,0.763333333333333,6
8.3,3,2.8,4.5,10,5,"Medium","High","Poor",0,1,0.573333333333333,5
6,4,3.1,4.1,9,5,"High","Medium","Poor",0,1,0.569166666666667,6
9.6,2,5.3,6.1,10,5,"Low","High","Adequate",0,1,0.660833333333333,5
6.5,4,1.5,4.7,10,5,"High","Medium","Poor",1,1,0.519166666666667,5
5.2,5,2.3,4.6,9,5,"High","Medium","Poor",0,1,0.569166666666667,6
8.5,1,4.3,4.6,10,4,"Low","High","Poor",0,1,0.5225,4
5.5,3,3.1,4,10,5,"Medium","Medium","Poor",0,1,0.4925,5
9.2,3,5.5,4.4,10,5,"Medium","High","Poor",0,1,0.715833333333333,5
7.3,4,3.7,3.4,10,5,"High","Medium","Poor",1,1,0.6375,5
7.3,4,4.4,4.9,9,5,"High","Medium","Poor",1,1,0.666666666666667,6
9.1,4,4.3,4.5,10,5,"High","High","Poor",1,1,0.7225,5
7.7,1,2,3.2,10,5,"Low","Medium","Poor",0,1,0.4,5
9.1,1,3.5,4.7,10,4,"Low","High","Poor",0,1,0.509166666666667,4
5.9,3,3.4,3.2,10,5,"Medium","Medium","Poor",0,1,0.518333333333333,5
9.9,1,5.8,5.7,10,5,"Low","High","Poor",0,1,0.631666666666667,5
8.2,3,3.2,3.9,10,5,"Medium","High","Poor",0,1,0.586666666666667,5
8.5,5,4.5,4.1,9,5,"High","High","Poor",1,1,0.770833333333333,6
10.9,5,5.8,4.4,10,4,"High","High","Poor",1,1,0.905,4
9.9,2,4.2,4.9,10,5,"Low","High","Poor",0,1,0.625,5
9.7,5,5.4,3.9,10,4,"High","High","Poor",1,1,0.848333333333333,4
10.1,1,4.3,3.9,10,3,"Low","High","Poor",0,1,0.575833333333333,3
6.8,2,2.2,4.2,10,5,"Low","Medium","Poor",0,1,0.438333333333333,5
6.4,1,2.3,3,10,5,"Low","Medium","Poor",0,1,0.369166666666667,5
9.5,3,4.5,4.9,10,5,"Medium","High","Poor",0,1,0.684166666666667,5
9.1,4,4.1,4.3,10,5,"High","High","Poor",1,1,0.714166666666667,5
10.2,3,3.8,4.7,10,5,"Medium","High","Poor",0,1,0.678333333333333,5
8.8,4,4.6,5.9,10,5,"High","High","Poor",1,1,0.725,5
7.5,5,2.5,3,10,4,"High","Medium","Poor",1,1,0.654166666666667,4
9.6,3,5.1,4.1,10,4,"Medium","High","Poor",0,1,0.7125,4
8.7,1,2.7,4.4,9,5,"Low","High","Poor",0,1,0.4625,6
9.3,3,5.6,4.8,10,5,"Medium","High","Poor",0,1,0.723333333333333,5
6.8,1,3.4,4.7,10,5,"Low","Medium","Poor",0,1,0.428333333333333,5
8.1,2,4.4,3.9,10,4,"Low","High","Poor",0,1,0.573333333333333,4
9,1,2.1,3.6,10,5,"Low","High","Poor",0,1,0.4475,5
8.4,4,2,5.4,8,5,"High","High","Poor",1,1,0.603333333333333,7
10.1,2,3.4,3,10,4,"Low","High","Poor",0,1,0.598333333333333,4
10,1,5.4,4.3,10,4,"Low","High","Poor",0,1,0.618333333333333,4
6.1,1,1.3,3.3,9,4,"Low","Medium","Poor",0,1,0.3175,5
6.1,4,3.6,3.9,10,4,"High","Medium","Poor",1,1,0.593333333333333,4
7.4,1,2.7,5.2,9,5,"Low","Medium","Poor",0,1,0.419166666666667,6
6.5,1,3.3,3,10,5,"Low","Medium","Poor",0,1,0.414166666666667,5
7.1,2,2.9,4.5,10,5,"Low","Medium","Poor",0,1,0.4775,5
11.1,4,5.2,3.7,10,4,"High","High","Poor",1,1,0.826666666666667,4
4.6,1,2,3.9,8,5,"Low","Medium","Poor",0,1,0.296666666666667,7
5.6,5,2.5,4.2,8,5,"High","Medium","Poor",0,1,0.590833333333333,7
5.7,3,3.1,5,10,5,"Medium","Medium","Poor",0,1,0.499166666666667,5
7.2,2,4,3.4,10,4,"Low","Medium","Poor",0,1,0.526666666666667,4
9.2,4,2.9,3.8,10,5,"High","High","Poor",1,1,0.6675,5
7.4,3,1.6,3,10,5,"Medium","Medium","Poor",0,1,0.493333333333333,5
6.8,5,3.8,3,10,5,"High","Medium","Poor",1,1,0.685,5
6,2,3.1,5.7,9,5,"Low","Medium","Poor",0,1,0.449166666666667,6
12,4,3,3.5,10,5,"High","High","Poor",1,1,0.765,5
9.7,5,4.1,6.4,9,5,"High","High","Adequate",1,1,0.794166666666667,6
11.2,5,3.2,5.4,10,5,"High","High","Poor",1,1,0.806666666666667,5
7.6,4,4.5,4.6,10,5,"High","Medium","Poor",1,1,0.680833333333333,5
7.1,4,2.9,3,10,5,"High","Medium","Poor",1,1,0.5975,5
5.6,4,1.2,3.9,9,5,"High","Medium","Poor",0,1,0.476666666666667,6
8.7,2,5.1,5.7,10,5,"Low","High","Poor",0,1,0.6225,5
5.7,1,2.5,3.9,9,5,"Low","Medium","Poor",0,1,0.354166666666667,6
10.8,1,4.3,4.6,10,5,"Low","High","Poor",0,1,0.599166666666667,5
9.1,1,4.7,5.1,9,5,"Low","High","Poor",0,1,0.559166666666667,6
5.7,2,1.8,3,10,3,"Low","Medium","Poor",0,1,0.385,3
8.5,2,3.4,4.6,9,5,"Low","High","Poor",0,1,0.545,6
8.7,4,3.5,3.4,10,5,"High","High","Poor",1,1,0.675833333333333,5
8.2,2,4.9,5.1,10,4,"Low","High","Poor",0,1,0.5975,4
7,3,3.4,4.2,10,5,"Medium","Medium","Poor",0,1,0.555,5
8.3,3,3.8,4.3,9,5,"Medium","High","Poor",0,1,0.615,6
5.8,4,3.2,3.9,9,4,"High","Medium","Poor",0,1,0.566666666666667,5
6.6,4,3.7,4.1,10,5,"High","Medium","Poor",1,1,0.614166666666667,5
8.3,1,2.1,4.6,10,5,"Low","High","Poor",0,1,0.424166666666667,5
9.5,2,5.4,4.5,10,5,"Low","High","Poor",0,1,0.661666666666667,5
5.5,4,2.5,3.5,9,5,"High","Medium","Poor",0,1,0.5275,6
9.4,1,2.7,5.4,8,5,"Low","High","Poor",0,1,0.485833333333333,7
7.9,1,2.4,3.8,10,4,"Low","Medium","Poor",0,1,0.423333333333333,4
7.6,3,2.4,4.4,9,5,"Medium","Medium","Poor",0,1,0.533333333333333,6
10.7,5,5.6,4.9,10,5,"High","High","Poor",1,1,0.89,5
7.1,2,2.8,4.3,9,5,"Low","Medium","Poor",0,1,0.473333333333333,6
12,4,5.2,5.7,10,5,"High","High","Poor",1,1,0.856666666666667,5
5.5,2,3.1,3.6,10,5,"Low","Medium","Poor",0,1,0.4325,5
9.3,2,5.5,6.6,9,5,"Low","High","Adequate",0,1,0.659166666666667,6
6,2,2.4,5.4,10,5,"Low","Medium","Poor",0,1,0.42,5
6.1,2,3.4,4.6,8,5,"Low","Medium","Poor",0,1,0.465,7
8.9,4,4.9,6.2,9,5,"High","High","Adequate",1,1,0.740833333333333,6
9.2,1,3.9,4.9,10,4,"Low","High","Poor",0,1,0.529166666666667,4
8.6,5,4.7,3.6,10,4,"High","High","Poor",1,1,0.7825,4
5.8,5,1.8,5.2,8,5,"High","Medium","Poor",0,1,0.568333333333333,7
4.9,3,2.9,3,10,5,"Medium","Medium","Poor",0,1,0.464166666666667,5
10.2,1,2.8,4.2,10,5,"Low","High","Poor",0,1,0.516666666666667,5
9.5,3,2.3,4.8,10,5,"Medium","High","Poor",0,1,0.5925,5
6.6,3,3.6,3,10,4,"Medium","Medium","Poor",0,1,0.55,4
6.8,4,2.2,3.3,10,3,"High","Medium","Poor",1,1,0.558333333333333,3
10.8,5,4.5,5.5,10,4,"High","High","Poor",1,1,0.8475,4
8.1,5,3.7,5.2,9,5,"High","High","Poor",1,1,0.724166666666667,6
10,3,5.5,4.7,10,5,"Medium","High","Poor",0,1,0.7425,5
8.7,3,4,5.3,10,4,"Medium","High","Poor",0,1,0.636666666666667,4
6.1,2,3.4,4.3,8,5,"Low","Medium","Poor",0,1,0.465,7
5.6,3,3.1,5.1,9,5,"Medium","Medium","Poor",0,1,0.495833333333333,6
9.4,5,5,4.5,10,5,"High","High","Poor",1,1,0.821666666666667,5
6.2,4,3,4.7,8,5,"High","Medium","Poor",1,1,0.571666666666667,7
7,4,4,3.6,10,5,"High","Medium","Poor",1,1,0.64,5
6,4,2.4,3,10,4,"High","Medium","Poor",0,1,0.54,4
9.5,1,4.7,4.3,10,5,"Low","High","Poor",0,1,0.5725,5
10.4,1,5.5,6.7,9,5,"Low","High","Adequate",0,1,0.635833333333333,6
10.2,4,2.9,4.5,10,4,"High","High","Poor",1,1,0.700833333333333,4
7.5,4,3.9,5.3,9,5,"High","Medium","Poor",1,1,0.6525,6
7.4,3,2.9,3,10,4,"Medium","Medium","Poor",0,1,0.5475,4
10.7,1,4.7,4.3,10,4,"Low","High","Poor",0,1,0.6125,4
7.8,2,1.8,3,10,4,"Low","Medium","Poor",0,1,0.455,4
8.3,4,3.1,3,10,4,"High","High","Poor",1,1,0.645833333333333,4
6.9,3,4.1,3.3,10,5,"Medium","Medium","Poor",0,1,0.580833333333333,5
6.1,5,3.4,3,10,5,"High","Medium","Poor",1,1,0.645,5
7.4,1,3,3.4,10,5,"Low","Medium","Poor",0,1,0.431666666666667,5
8,5,3.3,3.9,9,5,"High","High","Poor",1,1,0.704166666666667,6
10.2,3,4.1,6.1,10,5,"Medium","High","Adequate",0,1,0.690833333333333,5
7.6,1,4.3,3,10,5,"Low","Medium","Poor",0,1,0.4925,5
5.6,3,1.6,3,9,4,"Medium","Medium","Poor",0,1,0.433333333333333,5
6.8,3,2.8,4.3,9,5,"Medium","Medium","Poor",0,1,0.523333333333333,6
6,4,3,3.8,9,5,"High","Medium","Poor",0,1,0.565,6
7.9,5,3.7,3.8,10,5,"High","Medium","Poor",1,1,0.7175,5
6.5,4,1.5,4.3,10,5,"High","Medium","Poor",1,1,0.519166666666667,5
6.9,3,3.1,5.1,9,5,"Medium","Medium","Poor",0,1,0.539166666666667,6
9.9,3,4.3,3,10,5,"Medium","High","Poor",0,1,0.689166666666667,5
8.2,1,4.9,4.8,10,5,"Low","High","Poor",0,1,0.5375,5
7.9,3,3.5,3.7,10,5,"Medium","Medium","Poor",0,1,0.589166666666667,5
8.8,4,5,5.3,10,5,"High","High","Poor",1,1,0.741666666666667,5
8.3,2,2.9,3,10,5,"Low","High","Poor",0,1,0.5175,5
8.5,5,4.3,4.5,10,5,"High","High","Poor",1,1,0.7625,5
10.1,1,3.8,5.5,10,5,"Low","High","Poor",0,1,0.555,5
7.5,2,3.3,4.3,10,5,"Low","Medium","Poor",0,1,0.5075,5
9.1,4,4.4,5.2,10,5,"High","High","Poor",1,1,0.726666666666667,5
8.8,5,3.9,5,9,5,"High","High","Poor",1,1,0.755833333333333,6
9.6,3,5.5,4.9,10,5,"Medium","High","Poor",0,1,0.729166666666667,5
5.6,4,1.8,4.2,9,5,"High","Medium","Poor",0,1,0.501666666666667,6
6.3,2,2,3,8,5,"Low","Medium","Poor",0,1,0.413333333333333,7
8.2,1,4.8,5.1,10,4,"Low","High","Poor",0,1,0.533333333333333,4
8.7,4,4.9,4.2,10,5,"High","High","Poor",1,1,0.734166666666667,5
7.2,3,3.5,3.9,9,4,"Medium","Medium","Poor",0,1,0.565833333333333,5
8.2,5,4.8,3.6,10,5,"High","High","Poor",1,1,0.773333333333333,5
5.5,4,3.2,3.4,9,5,"High","Medium","Poor",0,1,0.556666666666667,6
8,2,4.8,3.9,10,5,"Low","High","Poor",0,1,0.586666666666667,5
7.1,5,2.8,4.1,9,5,"High","Medium","Poor",1,1,0.653333333333333,6
10,1,5.7,4.4,10,3,"Low","High","Poor",0,1,0.630833333333333,3
8.7,1,5,4.2,10,4,"Low","High","Poor",0,1,0.558333333333333,4
8.4,5,4.3,4.6,10,5,"High","High","Poor",1,1,0.759166666666667,5
6.7,1,3.8,4.2,9,5,"Low","Medium","Poor",0,1,0.441666666666667,6
7.1,4,2.8,4,10,5,"High","Medium","Poor",1,1,0.593333333333333,5
7.7,1,4.5,5.3,9,5,"Low","Medium","Poor",0,1,0.504166666666667,6
10.9,1,3.7,4,10,5,"Low","High","Poor",0,1,0.5775,5
8.5,1,3.9,3.1,10,4,"Low","High","Poor",0,1,0.505833333333333,4
5.6,5,3,4.3,10,4,"High","Medium","Poor",0,1,0.611666666666667,4
8.3,3,1.7,3.9,10,5,"Medium","High","Poor",0,1,0.5275,5
8.2,2,4.6,3.3,10,4,"Low","High","Poor",0,1,0.585,4
9.7,3,5.8,5.6,10,5,"Medium","High","Poor",0,1,0.745,5
5.7,3,2.3,4.3,8,5,"Medium","Medium","Poor",0,1,0.465833333333333,7
8,5,4.1,3.8,10,5,"High","High","Poor",1,1,0.7375,5
11.8,1,3.9,5.9,10,5,"Low","High","Poor",0,1,0.615833333333333,5
6.3,3,3.3,4,10,5,"Medium","Medium","Poor",0,1,0.5275,5
7.6,1,4.1,4.4,10,5,"Low","Medium","Poor",0,1,0.484166666666667,5
9.9,1,5,5,10,5,"Low","High","Poor",0,1,0.598333333333333,5
11,5,2.3,4.8,8,5,"High","High","Poor",1,1,0.7625,7
7,5,4.1,4.1,10,5,"High","Medium","Poor",1,1,0.704166666666667,5
9.5,4,5.7,3.8,10,4,"High","High","Poor",1,1,0.794166666666667,4
6.4,2,3.4,3.8,9,3,"Low","Medium","Poor",0,1,0.475,4
7.1,2,3.8,4.1,9,5,"Low","Medium","Poor",0,1,0.515,6
6,4,3.3,4.6,8,5,"High","Medium","Poor",0,1,0.5775,7
9,4,4.8,5.6,10,5,"High","High","Poor",1,1,0.74,5
9.2,3,3.7,3,10,5,"Medium","High","Poor",0,1,0.640833333333333,5
8.9,1,4.6,4.4,10,5,"Low","High","Poor",0,1,0.548333333333333,5
6.9,4,3.3,3.3,10,5,"High","Medium","Poor",1,1,0.6075,5
5.4,1,2.1,3.2,10,5,"Low","Medium","Poor",0,1,0.3275,5
7.8,3,3.6,4.5,8,5,"Medium","Medium","Poor",0,1,0.59,7
8.7,5,4.2,4.6,10,5,"High","High","Poor",1,1,0.765,5
11.4,1,6.1,4.2,10,3,"Low","High","Poor",0,1,0.694166666666667,3
6.6,1,3.5,3.9,9,5,"Low","Medium","Poor",0,1,0.425833333333333,6
10,2,3.6,5.2,9,5,"Low","High","Poor",0,1,0.603333333333333,6
9.4,2,4.8,4.7,10,5,"Low","High","Poor",0,1,0.633333333333333,5
9.9,1,4.8,3,10,5,"Low","High","Poor",0,1,0.59,5
6.9,2,3.5,5.3,9,5,"Low","Medium","Poor",0,1,0.495833333333333,6
11.1,1,3.3,5.8,10,5,"Low","High","Poor",0,1,0.5675,5
10.3,1,5.4,5.1,10,5,"Low","High","Poor",0,1,0.628333333333333,5
9.8,2,3,5,9,5,"Low","High","Poor",0,1,0.571666666666667,6
10.4,1,4.2,5,10,5,"Low","High","Poor",0,1,0.581666666666667,5
6.7,4,2.9,3.9,10,4,"High","Medium","Poor",1,1,0.584166666666667,4
4.7,1,2,3,10,5,"Low","Medium","Poor",0,1,0.3,5
10.6,1,4,3,10,5,"Low","High","Poor",0,1,0.58,5
5.9,3,3.4,4,9,5,"Medium","Medium","Poor",0,1,0.518333333333333,6
11.8,1,5.6,6.2,10,5,"Low","High","Adequate",0,1,0.686666666666667,5
5.1,3,1.8,5,8,5,"Medium","Medium","Poor",0,1,0.425,7
7.6,4,3.6,3.5,10,5,"High","Medium","Poor",1,1,0.643333333333333,5
9.8,4,4.6,4.9,10,5,"High","High","Poor",1,1,0.758333333333333,5
7.9,4,3.8,4.6,9,5,"High","Medium","Poor",1,1,0.661666666666667,6
7.5,2,3.1,3.8,9,4,"Low","Medium","Poor",0,1,0.499166666666667,5
9.7,2,4.5,5,10,5,"Low","High","Poor",0,1,0.630833333333333,5
10.4,4,4.3,3.5,10,3,"High","High","Poor",1,1,0.765833333333333,3
8.7,1,3.9,3.4,10,4,"Low","High","Poor",0,1,0.5125,4
7.9,2,2.7,3,10,3,"Low","Medium","Poor",0,1,0.495833333333333,3
8,3,4.6,4.7,10,4,"Medium","High","Poor",0,1,0.638333333333333,4
5.5,5,2.7,3.8,10,5,"High","Medium","Poor",0,1,0.595833333333333,5
9.8,5,3.8,3.7,10,4,"High","High","Poor",1,1,0.785,4
9.4,2,4,5.9,8,5,"Low","High","Poor",0,1,0.6,7
8.6,2,3.5,4.2,10,5,"Low","High","Poor",0,1,0.5525,5
10.8,1,6.3,4.8,10,5,"Low","High","Poor",0,1,0.6825,5
9.7,2,3.9,3,10,5,"Low","High","Poor",0,1,0.605833333333333,5
5.4,4,3,3.3,10,5,"High","Medium","Poor",0,1,0.545,5
8.1,4,2.6,4,9,5,"High","High","Poor",1,1,0.618333333333333,6
7,5,3.5,3,10,4,"High","Medium","Poor",1,1,0.679166666666667,4
6.9,1,3.4,3.9,9,5,"Low","Medium","Poor",0,1,0.431666666666667,6
10.1,5,5.8,5.6,10,5,"High","High","Poor",1,1,0.878333333333333,5
7.3,3,4.1,4,10,4,"Medium","Medium","Poor",0,1,0.594166666666667,4
6.9,2,3.7,3.9,10,5,"Low","Medium","Poor",0,1,0.504166666666667,5
8.8,5,4.7,3.8,10,2,"High","High","Poor",1,1,0.789166666666667,2
7,2,2.5,4.4,10,5,"Low","Medium","Poor",0,1,0.4575,5
8.4,3,2.3,4.8,9,5,"Medium","High","Poor",0,1,0.555833333333333,6
7.9,5,2.5,3,10,5,"High","Medium","Poor",1,1,0.6675,5
8.5,2,2.6,3.2,10,4,"Low","High","Poor",0,1,0.511666666666667,4
8.5,2,3.6,3.9,10,5,"Low","High","Poor",0,1,0.553333333333333,5
4.5,2,1.7,3,10,5,"Low","Medium","Poor",0,1,0.340833333333333,5
7.7,5,1.6,3.9,9,5,"High","Medium","Poor",1,1,0.623333333333333,6
4.2,2,2.4,4.2,10,4,"Low","Medium","Poor",0,1,0.36,4
7.8,5,4.1,5.6,9,5,"High","Medium","Poor",1,1,0.730833333333333,6
8.9,5,3.2,4.2,8,4,"High","High","Poor",1,1,0.73,6
10.3,2,4,4,9,5,"Low","High","Poor",0,1,0.63,6
9.3,5,5,3,10,3,"High","High","Poor",1,1,0.818333333333333,3
7.8,3,4.5,4.6,9,5,"Medium","Medium","Poor",0,1,0.6275,6
7.5,5,4.2,5.6,10,5,"High","Medium","Poor",1,1,0.725,5
12,5,5.6,6.6,10,5,"High","High","Adequate",1,1,0.933333333333333,5
9.6,3,4.6,5,10,5,"Medium","High","Poor",0,1,0.691666666666667,5
8.2,2,4,3.5,10,5,"Low","High","Poor",0,1,0.56,5
9.1,3,4.1,4.2,10,5,"Medium","High","Poor",0,1,0.654166666666667,5
10.8,4,3.8,6.8,10,5,"High","High","Adequate",1,1,0.758333333333333,5
7.3,4,3.9,6.3,9,5,"High","Medium","Adequate",1,1,0.645833333333333,6
10,3,5.4,4.5,10,3,"Medium","High","Poor",0,1,0.738333333333333,3
5.5,2,2.9,3.6,8,5,"Low","Medium","Poor",0,1,0.424166666666667,7
6.5,4,3.4,4.1,9,5,"High","Medium","Poor",1,1,0.598333333333333,6
5.8,5,3.2,4.9,8,5,"High","Medium","Poor",0,1,0.626666666666667,7
8.7,2,2.5,4.3,10,5,"Low","High","Poor",0,1,0.514166666666667,5
7.8,3,4.5,4.7,10,4,"Medium","Medium","Poor",0,1,0.6275,4
9.9,5,5.1,6.4,10,5,"High","High","Adequate",1,1,0.8425,5
11.5,5,6.7,5.3,10,3,"High","High","Poor",1,1,0.9625,3
7.4,3,3.2,4.1,10,5,"Medium","Medium","Poor",0,1,0.56,5
8,3,3.7,4.3,9,5,"Medium","High","Poor",0,1,0.600833333333333,6
10.5,5,4.4,4.4,10,4,"High","High","Poor",1,1,0.833333333333333,4
9.6,5,5.1,5.2,10,5,"High","High","Poor",1,1,0.8325,5
9.1,4,4.3,4.3,10,5,"High","High","Poor",1,1,0.7225,5
9.1,2,2,4.4,10,5,"Low","High","Poor",0,1,0.506666666666667,5
6.9,1,3.7,4.2,10,4,"Low","Medium","Poor",0,1,0.444166666666667,4
6,2,2.3,4.4,9,5,"Low","Medium","Poor",0,1,0.415833333333333,6
9.9,5,4.2,4,10,5,"High","High","Poor",1,1,0.805,5
8.6,5,3.6,3.6,10,4,"High","High","Poor",1,1,0.736666666666667,4
11.1,4,5.9,3.8,10,5,"High","High","Poor",1,1,0.855833333333333,5
10.8,1,6.5,5.2,10,5,"Low","High","Poor",0,1,0.690833333333333,5
8.5,4,3.8,3.3,10,5,"High","High","Poor",1,1,0.681666666666667,5
6.1,1,3.5,3.5,10,5,"Low","Medium","Poor",0,1,0.409166666666667,5
7.3,3,2.6,3,10,4,"Medium","Medium","Poor",0,1,0.531666666666667,4
6.9,2,1.9,3.5,10,4,"Low","Medium","Poor",0,1,0.429166666666667,4
6.4,1,3.6,3.2,10,5,"Low","Medium","Poor",0,1,0.423333333333333,5
8.3,3,4.8,4.1,10,5,"Medium","High","Poor",0,1,0.656666666666667,5
5.9,3,1.4,4.2,10,5,"Medium","Medium","Poor",0,1,0.435,5
11.1,4,2.9,4.5,10,5,"High","High","Poor",1,1,0.730833333333333,5
10,1,5.1,4.8,10,5,"Low","High","Poor",0,1,0.605833333333333,5
9.7,5,5.6,4.8,10,5,"High","High","Poor",1,1,0.856666666666667,5
8.1,2,4.8,4.5,10,5,"Low","High","Poor",0,1,0.59,5
8.8,4,4.7,4.5,10,5,"High","High","Poor",1,1,0.729166666666667,5
9.3,5,3.8,3,10,5,"High","High","Poor",1,1,0.768333333333333,5
7.8,1,1.9,3.1,10,5,"Low","Medium","Poor",0,1,0.399166666666667,5
7,1,3.5,5.6,9,5,"Low","Medium","Poor",0,1,0.439166666666667,6
9.6,4,2.6,3.2,10,5,"High","High","Poor",1,1,0.668333333333333,5
5.2,1,1.6,3.4,8,5,"Low","Medium","Poor",0,1,0.3,7
6.1,2,3.4,3.6,9,5,"Low","Medium","Poor",0,1,0.465,6
6.7,3,3.8,3,10,5,"Medium","Medium","Poor",0,1,0.561666666666667,5
8.9,5,3.9,4.8,10,5,"High","High","Poor",1,1,0.759166666666667,5
10.2,3,4.5,3.6,10,5,"Medium","High","Poor",0,1,0.7075,5
6.6,4,3.4,3.2,10,4,"High","Medium","Poor",1,1,0.601666666666667,4
7.7,1,4.4,5.1,9,5,"Low","Medium","Poor",0,1,0.5,6
5.7,5,3.4,3.2,10,5,"High","Medium","Poor",0,1,0.631666666666667,5
9.5,4,5.7,3.3,10,3,"High","High","Poor",1,1,0.794166666666667,3
9.8,2,2.2,4.9,9,5,"Low","High","Poor",0,1,0.538333333333333,6
9.4,1,3.2,4.1,10,5,"Low","High","Poor",0,1,0.506666666666667,5
10.5,4,5.4,5.1,10,5,"High","High","Poor",1,1,0.815,5
5.4,3,1.3,3,10,5,"Medium","Medium","Poor",0,1,0.414166666666667,5
7.2,4,1.6,3,10,4,"High","Medium","Poor",1,1,0.546666666666667,4
6.8,1,2.6,4.2,9,4,"Low","Medium","Poor",0,1,0.395,5
10.6,4,6.2,4.8,10,4,"High","High","Poor",1,1,0.851666666666667,4
7.4,5,4.3,3.5,10,3,"High","Medium","Poor",1,1,0.725833333333333,3
7.7,3,2.1,3.3,10,4,"Medium","Medium","Poor",0,1,0.524166666666667,4
8.7,3,4.2,3.9,10,4,"Medium","High","Poor",0,1,0.645,4
10,4,5.1,4.4,10,4,"High","High","Poor",1,1,0.785833333333333,4
9.9,4,4.4,3.9,10,4,"High","High","Poor",1,1,0.753333333333333,4
5,2,2,3.4,10,5,"Low","Medium","Poor",0,1,0.37,5
10.1,1,5.1,5.6,10,5,"Low","High","Poor",0,1,0.609166666666667,5
5.3,2,2.3,3.6,10,5,"Low","Medium","Poor",0,1,0.3925,5
7.4,2,4.3,5.8,9,5,"Low","Medium","Poor",0,1,0.545833333333333,6
6.9,1,3.7,3,10,4,"Low","Medium","Poor",0,1,0.444166666666667,4
10.5,3,4.9,5.2,10,4,"Medium","High","Poor",0,1,0.734166666666667,4
7.4,3,3.4,5.5,9,5,"Medium","Medium","Poor",0,1,0.568333333333333,6
6,3,2.3,3.2,9,5,"Medium","Medium","Poor",0,1,0.475833333333333,6
6.2,1,2.9,4.1,10,5,"Low","Medium","Poor",0,1,0.3875,5
7.6,3,4.1,3.9,10,5,"Medium","Medium","Poor",0,1,0.604166666666667,5
4.5,1,2.4,4.2,9,5,"Low","Medium","Poor",0,1,0.31,6
6.4,5,2.4,3,10,5,"High","Medium","Poor",1,1,0.613333333333333,5
6.4,4,3.3,5.6,9,5,"High","Medium","Poor",1,1,0.590833333333333,6
5.2,5,3,3,10,4,"High","Medium","Poor",0,1,0.598333333333333,4
10.6,2,4.9,3.4,10,3,"Low","High","Poor",0,1,0.6775,3
8.7,4,4.3,3.4,10,3,"High","High","Poor",1,1,0.709166666666667,3
6.1,5,3,3.2,9,5,"High","Medium","Poor",1,1,0.628333333333333,6
4.3,1,1.9,3.9,9,5,"Low","Medium","Poor",0,1,0.2825,6
9.3,1,3.6,4.3,10,5,"Low","High","Poor",0,1,0.52,5
10.2,3,3.6,4.5,10,4,"Medium","High","Poor",0,1,0.67,4
5.9,3,2.8,3,10,5,"Medium","Medium","Poor",0,1,0.493333333333333,5
5.5,5,2.9,3.5,10,5,"High","Medium","Poor",0,1,0.604166666666667,5
11.3,5,4.7,4.6,10,4,"High","High","Poor",1,1,0.8725,4
8.1,4,4.2,5,10,5,"High","High","Poor",1,1,0.685,5
7.4,3,4.4,3,10,5,"Medium","Medium","Poor",0,1,0.61,5
6.4,1,2.2,4.3,10,5,"Low","Medium","Poor",0,1,0.365,5
9.1,4,4,4.6,10,4,"High","High","Poor",1,1,0.71,4
8.7,4,5,4.3,10,4,"High","High","Poor",1,1,0.738333333333333,4
9.1,1,4.8,4.5,10,4,"Low","High","Poor",0,1,0.563333333333333,4
3.9,2,1.5,3.6,8,5,"Low","Low","Poor",0,1,0.3125,7
6.5,5,2.9,3,10,5,"High","Medium","Poor",1,1,0.6375,5
7.5,3,4.2,4.4,10,5,"Medium","Medium","Poor",0,1,0.605,5
8,4,4,3.8,10,5,"High","High","Poor",1,1,0.673333333333333,5
11.1,4,6,5.7,10,5,"High","High","Poor",1,1,0.86,5
6.7,4,1.5,4,8,5,"High","Medium","Poor",1,1,0.525833333333333,7
7.5,4,2.8,3.1,10,5,"High","Medium","Poor",1,1,0.606666666666667,5
6.4,3,3.1,5.4,10,5,"Medium","Medium","Poor",0,1,0.5225,5
